restaurant_id,restaurant_name,city,zone,seats,open_year,year,month,date,revenue,total_units_sold,avg_ticket,top_dish,num_reviews,avg_rating,delivery_pct,staff_cost_pct,food_cost_pct,marketing_spend,units_Classic_Burger,units_Cheese_Bacon_Burger,units_Veggie_Burger,units_Frango_Crispy,units_BurgerPT_Especial,units_Double_Smash
1,BurgerPT Lisboa Centro,Lisboa,Centro,80,2018,2022,1,2022-01,15558.16,1627,9.56,Frango Crispy,112,3.8,0.29,0.28,0.27,701.3,302,272,244,400,226,183
1,BurgerPT Lisboa Centro,Lisboa,Centro,80,2018,2022,2,2022-02,16291.64,1795,9.08,Frango Crispy,71,3.9,0.39,0.35,0.32,768.7,318,312,307,413,273,172
1,BurgerPT Lisboa Centro,Lisboa,Centro,80,2018,2022,3,2022-03,17189.2,1821,9.44,Frango Crispy,59,4.0,0.24,0.35,0.31,770.89,323,304,243,361,292,298
1,BurgerPT Lisboa Centro,Lisboa,Centro,80,2018,2022,4,2022-04,18668.92,1946,9.59,Classic Burger,69,3.6,0.42,0.35,0.28,898.73,415,312,218,355,348,298
1,BurgerPT Lisboa Centro,Lisboa,Centro,80,2018,2022,5,2022-05,19959.26,2146,9.3,Frango Crispy,68,4.3,0.25,0.29,0.26,635.47,411,352,241,514,361,267
1,BurgerPT Lisboa Centro,Lisboa,Centro,80,2018,2022,6,2022-06,19239.9,2111,9.11,Veggie Burger,109,3.9,0.4,0.37,0.26,612.28,335,363,438,435,366,174
1,BurgerPT Lisboa Centro,Lisboa,Centro,80,2018,2022,7,2022-07,19972.62,2138,9.34,Frango Crispy,81,3.8,0.28,0.38,0.34,746.54,309,400,392,526,289,222
1,BurgerPT Lisboa Centro,Lisboa,Centro,80,2018,2022,8,2022-08,23299.66,2549,9.14,Frango Crispy,101,3.6,0.38,0.38,0.3,329.29,390,469,492,639,389,170
1,BurgerPT Lisboa Centro,Lisboa,Centro,80,2018,2022,9,2022-09,18797.53,1925,9.76,Frango Crispy,85,3.7,0.16,0.34,0.31,303.07,313,379,180,406,350,297
1,BurgerPT Lisboa Centro,Lisboa,Centro,80,2018,2022,10,2022-10,17877.5,1866,9.58,Frango Crispy,116,3.4,0.29,0.3,0.27,744.75,369,311,270,389,261,266
1,BurgerPT Lisboa Centro,Lisboa,Centro,80,2018,2022,11,2022-11,17653.65,1784,9.9,Frango Crispy,114,3.9,0.25,0.33,0.34,817.28,338,352,204,398,285,207
1,BurgerPT Lisboa Centro,Lisboa,Centro,80,2018,2022,12,2022-12,21578.22,2199,9.81,Cheese Bacon Burger,124,3.9,0.41,0.33,0.29,671.3,413,500,147,479,283,377
1,BurgerPT Lisboa Centro,Lisboa,Centro,80,2018,2023,1,2023-01,15218.28,1544,9.86,Frango Crispy,95,3.7,0.37,0.3,0.32,823.9,290,259,259,361,230,145
1,BurgerPT Lisboa Centro,Lisboa,Centro,80,2018,2023,2,2023-02,15687.59,1670,9.39,Frango Crispy,113,4.0,0.3,0.34,0.34,312.62,227,346,272,412,211,202
1,BurgerPT Lisboa Centro,Lisboa,Centro,80,2018,2023,3,2023-03,17179.97,1733,9.91,Classic Burger,99,3.7,0.38,0.33,0.29,910.78,320,299,246,314,262,292
1,BurgerPT Lisboa Centro,Lisboa,Centro,80,2018,2023,4,2023-04,19745.74,2172,9.09,Cheese Bacon Burger,173,3.9,0.24,0.36,0.26,919.38,348,443,309,370,372,330
1,BurgerPT Lisboa Centro,Lisboa,Centro,80,2018,2023,5,2023-05,20637.94,2205,9.36,Cheese Bacon Burger,72,4.1,0.43,0.36,0.32,808.21,361,512,232,426,303,371
1,BurgerPT Lisboa Centro,Lisboa,Centro,80,2018,2023,6,2023-06,19815.13,2023,9.79,Frango Crispy,132,4.2,0.18,0.3,0.35,546.41,260,350,450,462,378,123
1,BurgerPT Lisboa Centro,Lisboa,Centro,80,2018,2023,7,2023-07,23069.5,2461,9.37,Frango Crispy,126,4.0,0.34,0.32,0.29,380.16,391,367,523,545,389,246
1,BurgerPT Lisboa Centro,Lisboa,Centro,80,2018,2023,8,2023-08,23482.36,2426,9.68,Frango Crispy,135,3.7,0.24,0.36,0.3,309.94,349,423,465,552,382,255
1,BurgerPT Lisboa Centro,Lisboa,Centro,80,2018,2023,9,2023-09,19909.74,2167,9.19,Frango Crispy,139,3.4,0.27,0.34,0.25,374.25,350,406,269,420,346,376
1,BurgerPT Lisboa Centro,Lisboa,Centro,80,2018,2023,10,2023-10,19836.11,2017,9.83,Frango Crispy,65,3.4,0.24,0.33,0.31,570.37,309,391,285,396,344,292
1,BurgerPT Lisboa Centro,Lisboa,Centro,80,2018,2023,11,2023-11,16716.22,1714,9.75,Frango Crispy,94,3.7,0.18,0.32,0.34,665.27,348,301,232,361,276,196
1,BurgerPT Lisboa Centro,Lisboa,Centro,80,2018,2023,12,2023-12,23111.3,2393,9.66,Cheese Bacon Burger,159,3.5,0.32,0.35,0.35,909.36,392,461,287,461,365,427
1,BurgerPT Lisboa Centro,Lisboa,Centro,80,2018,2024,1,2024-01,15993.18,1722,9.29,Classic Burger,54,3.4,0.16,0.29,0.32,722.15,388,319,252,324,302,137
1,BurgerPT Lisboa Centro,Lisboa,Centro,80,2018,2024,2,2024-02,17991.05,1963,9.17,Frango Crispy,142,3.8,0.33,0.32,0.28,841.72,361,403,271,418,285,225
1,BurgerPT Lisboa Centro,Lisboa,Centro,80,2018,2024,3,2024-03,18185.74,1834,9.92,Frango Crispy,56,3.6,0.34,0.31,0.29,891.85,308,361,287,389,258,231
1,BurgerPT Lisboa Centro,Lisboa,Centro,80,2018,2024,4,2024-04,20782.14,2196,9.46,Cheese Bacon Burger,175,3.7,0.39,0.37,0.33,357.77,407,438,227,408,400,316
1,BurgerPT Lisboa Centro,Lisboa,Centro,80,2018,2024,5,2024-05,21314.48,2154,9.9,Cheese Bacon Burger,71,3.6,0.21,0.31,0.29,517.46,419,442,275,415,261,342
1,BurgerPT Lisboa Centro,Lisboa,Centro,80,2018,2024,6,2024-06,20639.15,2088,9.88,Frango Crispy,136,3.9,0.16,0.29,0.34,236.39,382,310,425,503,305,163
1,BurgerPT Lisboa Centro,Lisboa,Centro,80,2018,2024,7,2024-07,22229.38,2230,9.97,Frango Crispy,157,4.2,0.39,0.34,0.27,515.68,272,442,362,543,336,275
1,BurgerPT Lisboa Centro,Lisboa,Centro,80,2018,2024,8,2024-08,23679.74,2387,9.92,Frango Crispy,190,4.2,0.19,0.37,0.34,599.98,312,429,371,555,453,267
1,BurgerPT Lisboa Centro,Lisboa,Centro,80,2018,2024,9,2024-09,22565.4,2321,9.72,Frango Crispy,71,3.7,0.31,0.32,0.26,843.86,414,458,286,483,418,262
1,BurgerPT Lisboa Centro,Lisboa,Centro,80,2018,2024,10,2024-10,20403.56,2186,9.33,Cheese Bacon Burger,160,3.6,0.18,0.3,0.32,245.97,358,449,230,389,419,341
1,BurgerPT Lisboa Centro,Lisboa,Centro,80,2018,2024,11,2024-11,19842.45,2063,9.62,Classic Burger,96,4.1,0.22,0.29,0.33,837.91,406,366,253,406,349,283
1,BurgerPT Lisboa Centro,Lisboa,Centro,80,2018,2024,12,2024-12,24568.99,2509,9.79,Cheese Bacon Burger,87,3.4,0.34,0.33,0.27,404.75,457,609,221,455,324,443
2,BurgerPT Lisboa Belém,Lisboa,Turístico,60,2019,2022,1,2022-01,11232.74,1224,9.18,Frango Crispy,80,4.2,0.41,0.31,0.3,436.3,175,238,175,244,220,172
2,BurgerPT Lisboa Belém,Lisboa,Turístico,60,2019,2022,2,2022-02,11955.42,1215,9.84,Frango Crispy,55,4.0,0.29,0.32,0.3,390.43,196,215,221,243,221,119
2,BurgerPT Lisboa Belém,Lisboa,Turístico,60,2019,2022,3,2022-03,14538.85,1579,9.21,Frango Crispy,125,3.8,0.17,0.33,0.26,364.25,246,283,173,373,315,189
2,BurgerPT Lisboa Belém,Lisboa,Turístico,60,2019,2022,4,2022-04,14630.02,1523,9.61,BurgerPT Especial,117,4.4,0.37,0.32,0.31,789.84,241,248,192,311,316,215
2,BurgerPT Lisboa Belém,Lisboa,Turístico,60,2019,2022,5,2022-05,15138.91,1658,9.13,BurgerPT Especial,105,3.9,0.23,0.29,0.28,756.05,226,325,192,310,341,264
2,BurgerPT Lisboa Belém,Lisboa,Turístico,60,2019,2022,6,2022-06,16788.01,1714,9.79,Frango Crispy,98,4.1,0.34,0.31,0.27,934.5,179,298,329,384,306,218
2,BurgerPT Lisboa Belém,Lisboa,Turístico,60,2019,2022,7,2022-07,21142.78,2301,9.19,Frango Crispy,69,3.6,0.39,0.36,0.26,830.75,293,404,435,497,417,255
2,BurgerPT Lisboa Belém,Lisboa,Turístico,60,2019,2022,8,2022-08,19743.0,2055,9.61,Frango Crispy,113,4.1,0.35,0.38,0.35,637.34,267,296,357,450,408,277
2,BurgerPT Lisboa Belém,Lisboa,Turístico,60,2019,2022,9,2022-09,14976.27,1612,9.29,BurgerPT Especial,91,3.6,0.17,0.28,0.29,830.97,271,274,195,287,295,290
2,BurgerPT Lisboa Belém,Lisboa,Turístico,60,2019,2022,10,2022-10,13852.64,1480,9.36,BurgerPT Especial,60,3.7,0.38,0.29,0.26,382.22,242,219,144,311,314,250
2,BurgerPT Lisboa Belém,Lisboa,Turístico,60,2019,2022,11,2022-11,12700.84,1380,9.2,Frango Crispy,82,3.3,0.23,0.32,0.33,869.96,207,264,138,286,271,214
2,BurgerPT Lisboa Belém,Lisboa,Turístico,60,2019,2022,12,2022-12,18299.52,1904,9.61,Cheese Bacon Burger,75,3.6,0.21,0.29,0.27,567.05,240,414,134,405,395,316
2,BurgerPT Lisboa Belém,Lisboa,Turístico,60,2019,2023,1,2023-01,11821.81,1198,9.87,BurgerPT Especial,38,4.1,0.25,0.37,0.31,854.64,218,193,185,219,245,138
2,BurgerPT Lisboa Belém,Lisboa,Turístico,60,2019,2023,2,2023-02,12417.5,1369,9.07,Frango Crispy,67,3.4,0.29,0.34,0.3,744.07,183,229,263,276,272,146
2,BurgerPT Lisboa Belém,Lisboa,Turístico,60,2019,2023,3,2023-03,14397.22,1488,9.68,BurgerPT Especial,87,3.9,0.16,0.35,0.31,269.9,206,254,168,250,360,250
2,BurgerPT Lisboa Belém,Lisboa,Turístico,60,2019,2023,4,2023-04,15596.27,1699,9.18,BurgerPT Especial,91,3.8,0.44,0.34,0.29,527.49,245,298,161,344,348,303
2,BurgerPT Lisboa Belém,Lisboa,Turístico,60,2019,2023,5,2023-05,15692.9,1588,9.88,BurgerPT Especial,62,3.3,0.18,0.37,0.29,856.73,263,277,202,288,343,215
2,BurgerPT Lisboa Belém,Lisboa,Turístico,60,2019,2023,6,2023-06,17776.98,1792,9.92,Frango Crispy,101,3.7,0.32,0.32,0.29,297.34,213,317,365,399,334,164
2,BurgerPT Lisboa Belém,Lisboa,Turístico,60,2019,2023,7,2023-07,22331.59,2306,9.68,BurgerPT Especial,159,3.6,0.43,0.34,0.25,368.14,203,373,482,468,495,285
2,BurgerPT Lisboa Belém,Lisboa,Turístico,60,2019,2023,8,2023-08,21006.56,2316,9.07,Frango Crispy,95,4.2,0.43,0.32,0.33,655.36,231,386,502,572,413,212
2,BurgerPT Lisboa Belém,Lisboa,Turístico,60,2019,2023,9,2023-09,15929.55,1646,9.68,BurgerPT Especial,84,4.0,0.33,0.3,0.31,288.13,213,302,216,292,366,257
2,BurgerPT Lisboa Belém,Lisboa,Turístico,60,2019,2023,10,2023-10,16607.03,1742,9.53,Frango Crispy,122,3.9,0.37,0.33,0.27,808.9,280,300,163,351,347,301
2,BurgerPT Lisboa Belém,Lisboa,Turístico,60,2019,2023,11,2023-11,13249.45,1352,9.8,Double Smash,61,3.9,0.32,0.35,0.26,610.84,199,242,183,240,236,252
2,BurgerPT Lisboa Belém,Lisboa,Turístico,60,2019,2023,12,2023-12,19803.9,2136,9.27,Cheese Bacon Burger,89,4.0,0.43,0.33,0.31,900.38,343,450,203,356,401,383
2,BurgerPT Lisboa Belém,Lisboa,Turístico,60,2019,2024,1,2024-01,13878.94,1477,9.4,Frango Crispy,73,3.9,0.33,0.37,0.28,667.75,242,277,266,305,234,153
2,BurgerPT Lisboa Belém,Lisboa,Turístico,60,2019,2024,2,2024-02,13249.3,1348,9.83,Veggie Burger,69,3.4,0.23,0.36,0.33,533.74,166,197,278,268,245,194
2,BurgerPT Lisboa Belém,Lisboa,Turístico,60,2019,2024,3,2024-03,15671.1,1602,9.78,BurgerPT Especial,99,3.7,0.44,0.32,0.29,942.51,198,290,265,270,310,269
2,BurgerPT Lisboa Belém,Lisboa,Turístico,60,2019,2024,4,2024-04,15238.26,1640,9.29,BurgerPT Especial,81,3.7,0.2,0.34,0.33,408.2,262,264,220,267,346,281
2,BurgerPT Lisboa Belém,Lisboa,Turístico,60,2019,2024,5,2024-05,17603.9,1918,9.18,Frango Crispy,105,3.9,0.32,0.32,0.33,934.87,307,289,211,396,380,335
2,BurgerPT Lisboa Belém,Lisboa,Turístico,60,2019,2024,6,2024-06,16844.37,1815,9.28,Frango Crispy,81,3.8,0.25,0.34,0.32,872.2,211,288,274,443,361,238
2,BurgerPT Lisboa Belém,Lisboa,Turístico,60,2019,2024,7,2024-07,20492.6,2096,9.78,Frango Crispy,88,3.4,0.16,0.38,0.32,726.67,251,349,395,441,386,274
2,BurgerPT Lisboa Belém,Lisboa,Turístico,60,2019,2024,8,2024-08,23736.19,2506,9.47,BurgerPT Especial,199,4.2,0.19,0.36,0.31,830.81,272,379,476,523,534,322
2,BurgerPT Lisboa Belém,Lisboa,Turístico,60,2019,2024,9,2024-09,17783.67,1943,9.15,BurgerPT Especial,132,3.8,0.21,0.35,0.34,471.26,277,347,253,365,371,330
2,BurgerPT Lisboa Belém,Lisboa,Turístico,60,2019,2024,10,2024-10,16456.43,1695,9.71,Cheese Bacon Burger,115,3.5,0.3,0.34,0.34,618.86,237,319,216,318,302,303
2,BurgerPT Lisboa Belém,Lisboa,Turístico,60,2019,2024,11,2024-11,14694.88,1562,9.41,BurgerPT Especial,58,3.7,0.2,0.34,0.28,731.17,236,244,199,279,363,241
2,BurgerPT Lisboa Belém,Lisboa,Turístico,60,2019,2024,12,2024-12,19713.24,2128,9.26,Cheese Bacon Burger,163,4.3,0.31,0.36,0.28,579.86,246,486,145,430,405,416
3,BurgerPT Lisboa Parque,Lisboa,Suburbs,100,2020,2022,1,2022-01,14574.69,1608,9.06,Frango Crispy,66,3.9,0.32,0.28,0.28,275.58,328,294,256,329,234,167
3,BurgerPT Lisboa Parque,Lisboa,Suburbs,100,2020,2022,2,2022-02,14659.8,1508,9.72,Frango Crispy,81,4.3,0.22,0.28,0.29,564.16,270,253,278,309,268,130
3,BurgerPT Lisboa Parque,Lisboa,Suburbs,100,2020,2022,3,2022-03,14684.8,1536,9.56,Frango Crispy,47,4.1,0.44,0.28,0.33,703.91,296,284,211,333,258,154
3,BurgerPT Lisboa Parque,Lisboa,Suburbs,100,2020,2022,4,2022-04,17565.72,1936,9.07,Classic Burger,75,3.4,0.29,0.37,0.32,296.23,395,279,295,377,336,254
3,BurgerPT Lisboa Parque,Lisboa,Suburbs,100,2020,2022,5,2022-05,18376.72,1910,9.62,Frango Crispy,137,4.2,0.44,0.35,0.26,657.95,370,320,252,420,277,271
3,BurgerPT Lisboa Parque,Lisboa,Suburbs,100,2020,2022,6,2022-06,18343.19,1861,9.86,Frango Crispy,98,4.0,0.39,0.32,0.3,500.5,277,389,333,408,284,170
3,BurgerPT Lisboa Parque,Lisboa,Suburbs,100,2020,2022,7,2022-07,17957.23,1893,9.49,Frango Crispy,150,3.9,0.29,0.36,0.28,439.09,290,321,317,488,360,117
3,BurgerPT Lisboa Parque,Lisboa,Suburbs,100,2020,2022,8,2022-08,21466.99,2254,9.52,Frango Crispy,111,3.8,0.44,0.3,0.28,196.78,314,353,509,529,398,151
3,BurgerPT Lisboa Parque,Lisboa,Suburbs,100,2020,2022,9,2022-09,18092.62,1847,9.8,Classic Burger,124,3.9,0.39,0.37,0.31,563.59,371,328,287,330,286,245
3,BurgerPT Lisboa Parque,Lisboa,Suburbs,100,2020,2022,10,2022-10,17658.78,1950,9.06,Frango Crispy,95,3.9,0.25,0.31,0.26,193.61,335,341,267,427,290,290
3,BurgerPT Lisboa Parque,Lisboa,Suburbs,100,2020,2022,11,2022-11,14754.39,1592,9.27,Classic Burger,109,3.7,0.33,0.37,0.26,329.0,351,289,174,303,212,263
3,BurgerPT Lisboa Parque,Lisboa,Suburbs,100,2020,2022,12,2022-12,20742.94,2083,9.96,Cheese Bacon Burger,105,4.2,0.23,0.38,0.33,702.5,401,449,155,405,353,320
3,BurgerPT Lisboa Parque,Lisboa,Suburbs,100,2020,2023,1,2023-01,15007.56,1523,9.85,Frango Crispy,54,3.6,0.42,0.3,0.28,497.32,265,220,295,334,225,184
3,BurgerPT Lisboa Parque,Lisboa,Suburbs,100,2020,2023,2,2023-02,15523.94,1624,9.56,Frango Crispy,121,3.9,0.36,0.29,0.25,533.01,291,218,287,372,286,170
3,BurgerPT Lisboa Parque,Lisboa,Suburbs,100,2020,2023,3,2023-03,16161.09,1727,9.36,Frango Crispy,85,3.7,0.31,0.36,0.29,497.26,285,366,253,385,230,208
3,BurgerPT Lisboa Parque,Lisboa,Suburbs,100,2020,2023,4,2023-04,18591.34,1961,9.48,Classic Burger,143,4.0,0.28,0.3,0.28,560.04,419,386,164,376,295,321
3,BurgerPT Lisboa Parque,Lisboa,Suburbs,100,2020,2023,5,2023-05,17610.44,1778,9.9,Classic Burger,95,3.2,0.28,0.31,0.3,412.82,381,340,178,291,350,238
3,BurgerPT Lisboa Parque,Lisboa,Suburbs,100,2020,2023,6,2023-06,19554.44,2140,9.14,Frango Crispy,86,4.5,0.32,0.33,0.31,383.44,396,337,406,508,337,156
3,BurgerPT Lisboa Parque,Lisboa,Suburbs,100,2020,2023,7,2023-07,21132.32,2144,9.86,Frango Crispy,89,3.8,0.28,0.36,0.3,450.36,333,377,425,506,376,127
3,BurgerPT Lisboa Parque,Lisboa,Suburbs,100,2020,2023,8,2023-08,22573.01,2292,9.85,Frango Crispy,168,4.3,0.19,0.35,0.33,308.27,389,333,422,572,352,224
3,BurgerPT Lisboa Parque,Lisboa,Suburbs,100,2020,2023,9,2023-09,18345.78,1836,9.99,Cheese Bacon Burger,109,4.1,0.38,0.37,0.33,313.52,309,383,290,325,328,201
3,BurgerPT Lisboa Parque,Lisboa,Suburbs,100,2020,2023,10,2023-10,18144.22,1871,9.7,Frango Crispy,140,3.2,0.17,0.35,0.31,588.97,339,355,226,412,286,253
3,BurgerPT Lisboa Parque,Lisboa,Suburbs,100,2020,2023,11,2023-11,16909.11,1818,9.3,Frango Crispy,114,4.2,0.34,0.36,0.31,470.25,335,287,253,385,286,272
3,BurgerPT Lisboa Parque,Lisboa,Suburbs,100,2020,2023,12,2023-12,22372.71,2261,9.9,Cheese Bacon Burger,110,3.7,0.3,0.3,0.26,362.68,364,543,214,468,284,388
3,BurgerPT Lisboa Parque,Lisboa,Suburbs,100,2020,2024,1,2024-01,15675.11,1630,9.62,Frango Crispy,125,3.7,0.31,0.34,0.3,406.67,284,324,254,333,282,153
3,BurgerPT Lisboa Parque,Lisboa,Suburbs,100,2020,2024,2,2024-02,14940.6,1509,9.9,Frango Crispy,117,3.6,0.38,0.32,0.25,455.26,255,305,266,325,242,116
3,BurgerPT Lisboa Parque,Lisboa,Suburbs,100,2020,2024,3,2024-03,17338.48,1813,9.56,BurgerPT Especial,96,4.0,0.34,0.35,0.32,458.95,340,314,242,344,355,218
3,BurgerPT Lisboa Parque,Lisboa,Suburbs,100,2020,2024,4,2024-04,18549.38,1932,9.6,Frango Crispy,90,3.7,0.29,0.32,0.33,662.29,332,289,260,476,264,311
3,BurgerPT Lisboa Parque,Lisboa,Suburbs,100,2020,2024,5,2024-05,19656.67,1991,9.87,Frango Crispy,147,3.8,0.3,0.36,0.28,446.9,339,391,201,397,334,329
3,BurgerPT Lisboa Parque,Lisboa,Suburbs,100,2020,2024,6,2024-06,19352.03,2110,9.17,Frango Crispy,112,4.3,0.4,0.3,0.32,590.39,351,397,397,502,248,215
3,BurgerPT Lisboa Parque,Lisboa,Suburbs,100,2020,2024,7,2024-07,21392.06,2333,9.17,Frango Crispy,127,3.6,0.42,0.29,0.31,432.33,306,435,434,560,353,245
3,BurgerPT Lisboa Parque,Lisboa,Suburbs,100,2020,2024,8,2024-08,22486.55,2354,9.55,Frango Crispy,182,3.9,0.41,0.38,0.34,269.57,335,395,438,549,380,257
3,BurgerPT Lisboa Parque,Lisboa,Suburbs,100,2020,2024,9,2024-09,21112.23,2118,9.97,Frango Crispy,154,3.7,0.3,0.38,0.25,480.5,347,440,276,458,299,298
3,BurgerPT Lisboa Parque,Lisboa,Suburbs,100,2020,2024,10,2024-10,18893.14,2049,9.22,Frango Crispy,133,4.1,0.18,0.36,0.27,593.0,369,359,248,449,380,244
3,BurgerPT Lisboa Parque,Lisboa,Suburbs,100,2020,2024,11,2024-11,16605.52,1797,9.24,Classic Burger,93,3.8,0.4,0.38,0.27,611.74,341,280,257,332,264,323
3,BurgerPT Lisboa Parque,Lisboa,Suburbs,100,2020,2024,12,2024-12,24347.36,2447,9.95,Cheese Bacon Burger,175,3.5,0.37,0.38,0.33,493.02,490,572,198,487,303,397
4,BurgerPT Porto Aliados,Porto,Centro,70,2017,2022,1,2022-01,13803.34,1431,9.65,Frango Crispy,44,3.4,0.23,0.34,0.29,867.09,265,255,284,286,197,144
4,BurgerPT Porto Aliados,Porto,Centro,70,2017,2022,2,2022-02,13834.6,1482,9.34,Frango Crispy,59,4.1,0.22,0.29,0.33,489.76,224,285,312,320,214,127
4,BurgerPT Porto Aliados,Porto,Centro,70,2017,2022,3,2022-03,15386.81,1608,9.57,Frango Crispy,123,3.9,0.34,0.33,0.25,402.19,305,263,233,357,248,202
4,BurgerPT Porto Aliados,Porto,Centro,70,2017,2022,4,2022-04,15636.31,1599,9.78,Classic Burger,97,3.4,0.45,0.29,0.35,370.77,326,321,202,301,261,188
4,BurgerPT Porto Aliados,Porto,Centro,70,2017,2022,5,2022-05,17687.6,1846,9.58,Frango Crispy,58,3.7,0.45,0.28,0.27,695.16,385,329,196,421,272,243
4,BurgerPT Porto Aliados,Porto,Centro,70,2017,2022,6,2022-06,17132.72,1819,9.42,Frango Crispy,80,4.0,0.25,0.36,0.35,833.95,301,344,330,424,284,136
4,BurgerPT Porto Aliados,Porto,Centro,70,2017,2022,7,2022-07,18199.17,1968,9.25,Frango Crispy,105,3.8,0.19,0.37,0.3,795.47,267,405,392,478,283,143
4,BurgerPT Porto Aliados,Porto,Centro,70,2017,2022,8,2022-08,20427.05,2195,9.31,Frango Crispy,137,3.7,0.44,0.29,0.33,639.93,363,415,412,493,291,221
4,BurgerPT Porto Aliados,Porto,Centro,70,2017,2022,9,2022-09,17605.24,1898,9.28,Cheese Bacon Burger,101,3.6,0.24,0.29,0.28,823.18,310,378,264,365,267,314
4,BurgerPT Porto Aliados,Porto,Centro,70,2017,2022,10,2022-10,17284.57,1797,9.62,Classic Burger,136,4.6,0.42,0.29,0.31,770.16,403,260,196,319,342,277
4,BurgerPT Porto Aliados,Porto,Centro,70,2017,2022,11,2022-11,15546.95,1635,9.51,Classic Burger,115,4.5,0.41,0.37,0.28,651.56,319,278,206,303,311,218
4,BurgerPT Porto Aliados,Porto,Centro,70,2017,2022,12,2022-12,21183.45,2177,9.73,Cheese Bacon Burger,169,3.5,0.44,0.36,0.31,696.45,357,449,205,441,364,361
4,BurgerPT Porto Aliados,Porto,Centro,70,2017,2023,1,2023-01,13904.78,1485,9.36,Frango Crispy,58,3.6,0.31,0.29,0.32,881.32,245,280,246,307,247,160
4,BurgerPT Porto Aliados,Porto,Centro,70,2017,2023,2,2023-02,14817.64,1622,9.14,Frango Crispy,77,4.2,0.21,0.31,0.26,269.27,263,253,314,400,289,103
4,BurgerPT Porto Aliados,Porto,Centro,70,2017,2023,3,2023-03,17388.7,1795,9.69,Frango Crispy,54,3.9,0.43,0.31,0.3,349.91,366,335,212,382,250,250
4,BurgerPT Porto Aliados,Porto,Centro,70,2017,2023,4,2023-04,16270.5,1640,9.92,Cheese Bacon Burger,49,3.7,0.18,0.29,0.29,713.88,354,363,200,288,268,167
4,BurgerPT Porto Aliados,Porto,Centro,70,2017,2023,5,2023-05,19000.31,2018,9.42,Frango Crispy,112,3.5,0.2,0.29,0.35,426.56,351,403,245,404,313,302
4,BurgerPT Porto Aliados,Porto,Centro,70,2017,2023,6,2023-06,18781.66,1941,9.68,Veggie Burger,68,3.7,0.32,0.28,0.26,710.32,333,363,435,400,258,152
4,BurgerPT Porto Aliados,Porto,Centro,70,2017,2023,7,2023-07,18879.13,1982,9.53,Frango Crispy,78,3.9,0.34,0.32,0.26,529.03,307,330,349,468,380,148
4,BurgerPT Porto Aliados,Porto,Centro,70,2017,2023,8,2023-08,20563.16,2212,9.3,Frango Crispy,132,3.6,0.43,0.37,0.3,655.48,364,324,377,606,356,185
4,BurgerPT Porto Aliados,Porto,Centro,70,2017,2023,9,2023-09,18611.75,1873,9.94,Classic Burger,90,3.6,0.31,0.37,0.28,589.33,416,310,230,340,278,299
4,BurgerPT Porto Aliados,Porto,Centro,70,2017,2023,10,2023-10,17491.81,1900,9.21,Frango Crispy,121,3.7,0.25,0.31,0.31,641.54,318,299,244,422,330,287
4,BurgerPT Porto Aliados,Porto,Centro,70,2017,2023,11,2023-11,15649.71,1619,9.67,Classic Burger,123,4.0,0.21,0.35,0.3,881.73,342,315,153,315,315,179
4,BurgerPT Porto Aliados,Porto,Centro,70,2017,2023,12,2023-12,21722.61,2233,9.73,Cheese Bacon Burger,123,3.3,0.35,0.29,0.3,267.52,347,534,203,353,379,417
4,BurgerPT Porto Aliados,Porto,Centro,70,2017,2024,1,2024-01,14500.16,1485,9.76,Frango Crispy,68,3.9,0.15,0.34,0.28,359.62,291,261,193,362,260,118
4,BurgerPT Porto Aliados,Porto,Centro,70,2017,2024,2,2024-02,14674.88,1523,9.64,Frango Crispy,46,4.0,0.38,0.36,0.31,437.87,296,266,233,326,225,177
4,BurgerPT Porto Aliados,Porto,Centro,70,2017,2024,3,2024-03,16757.1,1846,9.08,Classic Burger,109,3.9,0.41,0.34,0.26,793.29,380,321,253,358,295,239
4,BurgerPT Porto Aliados,Porto,Centro,70,2017,2024,4,2024-04,18722.62,2021,9.26,Cheese Bacon Burger,113,4.5,0.18,0.32,0.3,528.3,370,435,277,419,245,275
4,BurgerPT Porto Aliados,Porto,Centro,70,2017,2024,5,2024-05,18078.69,1837,9.84,Classic Burger,99,4.5,0.18,0.37,0.34,611.71,401,349,221,347,295,224
4,BurgerPT Porto Aliados,Porto,Centro,70,2017,2024,6,2024-06,19644.63,2071,9.49,Frango Crispy,141,3.8,0.24,0.32,0.28,497.04,269,417,402,487,313,183
4,BurgerPT Porto Aliados,Porto,Centro,70,2017,2024,7,2024-07,21982.36,2257,9.74,Frango Crispy,165,3.9,0.44,0.32,0.28,319.72,378,325,441,562,351,200
4,BurgerPT Porto Aliados,Porto,Centro,70,2017,2024,8,2024-08,21999.54,2250,9.78,Frango Crispy,137,3.8,0.29,0.36,0.32,616.85,466,354,402,513,348,167
4,BurgerPT Porto Aliados,Porto,Centro,70,2017,2024,9,2024-09,21166.08,2266,9.34,Frango Crispy,107,3.8,0.22,0.37,0.28,375.03,482,365,248,504,385,282
4,BurgerPT Porto Aliados,Porto,Centro,70,2017,2024,10,2024-10,18243.7,1863,9.79,Frango Crispy,83,3.7,0.39,0.37,0.28,624.35,337,311,226,392,369,228
4,BurgerPT Porto Aliados,Porto,Centro,70,2017,2024,11,2024-11,16308.84,1640,9.94,Classic Burger,73,3.7,0.16,0.32,0.34,398.4,340,297,203,337,258,205
4,BurgerPT Porto Aliados,Porto,Centro,70,2017,2024,12,2024-12,23190.12,2486,9.33,Cheese Bacon Burger,145,4.3,0.2,0.38,0.28,730.07,440,566,146,510,339,485
5,BurgerPT Porto Foz,Porto,Turístico,55,2020,2022,1,2022-01,10856.4,1136,9.56,Frango Crispy,48,4.0,0.43,0.3,0.35,495.19,134,182,208,250,196,166
5,BurgerPT Porto Foz,Porto,Turístico,55,2020,2022,2,2022-02,10327.77,1059,9.75,BurgerPT Especial,82,3.9,0.25,0.35,0.27,493.58,128,181,162,192,244,152
5,BurgerPT Porto Foz,Porto,Turístico,55,2020,2022,3,2022-03,11225.73,1140,9.85,BurgerPT Especial,66,4.0,0.28,0.32,0.29,459.87,161,212,145,208,220,194
5,BurgerPT Porto Foz,Porto,Turístico,55,2020,2022,4,2022-04,13027.07,1418,9.19,BurgerPT Especial,91,3.8,0.39,0.31,0.32,732.04,225,221,186,242,307,237
5,BurgerPT Porto Foz,Porto,Turístico,55,2020,2022,5,2022-05,13650.58,1452,9.4,Frango Crispy,92,4.2,0.43,0.31,0.31,443.04,252,249,210,261,250,230
5,BurgerPT Porto Foz,Porto,Turístico,55,2020,2022,6,2022-06,14269.23,1497,9.53,Frango Crispy,83,4.0,0.43,0.34,0.28,550.05,144,232,282,346,342,151
5,BurgerPT Porto Foz,Porto,Turístico,55,2020,2022,7,2022-07,16736.59,1707,9.8,Frango Crispy,107,4.0,0.22,0.37,0.28,942.21,158,324,334,383,303,205
5,BurgerPT Porto Foz,Porto,Turístico,55,2020,2022,8,2022-08,17688.05,1873,9.44,Frango Crispy,74,3.5,0.2,0.37,0.27,318.35,229,353,278,465,347,201
5,BurgerPT Porto Foz,Porto,Turístico,55,2020,2022,9,2022-09,14771.46,1523,9.7,Cheese Bacon Burger,83,3.8,0.28,0.29,0.35,358.74,230,279,227,272,254,261
5,BurgerPT Porto Foz,Porto,Turístico,55,2020,2022,10,2022-10,13137.83,1341,9.8,Double Smash,45,4.1,0.22,0.28,0.26,589.89,167,246,154,240,260,274
5,BurgerPT Porto Foz,Porto,Turístico,55,2020,2022,11,2022-11,11497.19,1171,9.82,BurgerPT Especial,40,3.5,0.22,0.3,0.28,926.78,199,183,176,214,234,165
5,BurgerPT Porto Foz,Porto,Turístico,55,2020,2022,12,2022-12,16703.66,1836,9.1,Cheese Bacon Burger,67,3.7,0.29,0.31,0.27,448.81,272,398,122,360,353,331
5,BurgerPT Porto Foz,Porto,Turístico,55,2020,2023,1,2023-01,10741.7,1155,9.3,BurgerPT Especial,50,4.4,0.42,0.3,0.29,735.34,165,188,210,213,240,139
5,BurgerPT Porto Foz,Porto,Turístico,55,2020,2023,2,2023-02,11377.83,1158,9.83,Frango Crispy,40,3.8,0.4,0.3,0.27,492.41,143,186,209,269,211,140
5,BurgerPT Porto Foz,Porto,Turístico,55,2020,2023,3,2023-03,12790.97,1362,9.39,Cheese Bacon Burger,62,3.6,0.44,0.36,0.34,538.94,229,281,137,254,264,197
5,BurgerPT Porto Foz,Porto,Turístico,55,2020,2023,4,2023-04,14258.28,1448,9.85,BurgerPT Especial,77,3.9,0.16,0.35,0.29,561.76,202,253,188,291,294,220
5,BurgerPT Porto Foz,Porto,Turístico,55,2020,2023,5,2023-05,13542.06,1430,9.47,BurgerPT Especial,81,4.3,0.44,0.35,0.35,471.3,220,264,200,249,316,181
5,BurgerPT Porto Foz,Porto,Turístico,55,2020,2023,6,2023-06,15331.2,1622,9.45,Frango Crispy,71,3.8,0.19,0.37,0.27,326.77,172,306,279,372,341,152
5,BurgerPT Porto Foz,Porto,Turístico,55,2020,2023,7,2023-07,17758.98,1926,9.22,Frango Crispy,151,4.0,0.2,0.28,0.28,364.61,192,321,406,495,356,156
5,BurgerPT Porto Foz,Porto,Turístico,55,2020,2023,8,2023-08,18602.44,2031,9.16,BurgerPT Especial,147,3.8,0.21,0.36,0.28,362.37,245,306,386,449,473,172
5,BurgerPT Porto Foz,Porto,Turístico,55,2020,2023,9,2023-09,14088.72,1487,9.47,BurgerPT Especial,45,3.5,0.33,0.29,0.34,367.21,239,223,156,283,359,227
5,BurgerPT Porto Foz,Porto,Turístico,55,2020,2023,10,2023-10,14541.59,1487,9.78,Cheese Bacon Burger,85,4.2,0.43,0.34,0.3,848.53,270,276,158,255,273,255
5,BurgerPT Porto Foz,Porto,Turístico,55,2020,2023,11,2023-11,11931.89,1296,9.21,BurgerPT Especial,43,4.3,0.4,0.29,0.25,268.71,154,246,177,238,299,182
5,BurgerPT Porto Foz,Porto,Turístico,55,2020,2023,12,2023-12,16866.47,1830,9.22,Double Smash,115,4.2,0.37,0.29,0.3,691.58,217,377,130,315,379,412
5,BurgerPT Porto Foz,Porto,Turístico,55,2020,2024,1,2024-01,10899.86,1139,9.57,BurgerPT Especial,75,3.7,0.21,0.36,0.3,740.05,149,198,212,224,230,126
5,BurgerPT Porto Foz,Porto,Turístico,55,2020,2024,2,2024-02,11817.83,1236,9.56,Frango Crispy,82,4.0,0.23,0.36,0.3,260.48,141,222,150,303,246,174
5,BurgerPT Porto Foz,Porto,Turístico,55,2020,2024,3,2024-03,12309.3,1297,9.49,BurgerPT Especial,92,4.2,0.24,0.31,0.25,486.02,183,216,167,247,269,215
5,BurgerPT Porto Foz,Porto,Turístico,55,2020,2024,4,2024-04,14705.36,1611,9.13,BurgerPT Especial,62,4.0,0.2,0.35,0.35,426.61,221,278,184,340,365,223
5,BurgerPT Porto Foz,Porto,Turístico,55,2020,2024,5,2024-05,15536.35,1599,9.72,BurgerPT Especial,86,3.6,0.41,0.36,0.25,591.27,252,254,199,323,330,241
5,BurgerPT Porto Foz,Porto,Turístico,55,2020,2024,6,2024-06,15691.75,1645,9.54,Frango Crispy,112,4.3,0.37,0.34,0.32,761.04,169,298,290,363,360,165
5,BurgerPT Porto Foz,Porto,Turístico,55,2020,2024,7,2024-07,18684.3,1976,9.46,Frango Crispy,66,4.0,0.15,0.35,0.28,809.58,252,320,415,442,381,166
5,BurgerPT Porto Foz,Porto,Turístico,55,2020,2024,8,2024-08,21054.25,2265,9.3,Veggie Burger,164,4.0,0.4,0.29,0.3,306.5,184,394,483,468,434,302
5,BurgerPT Porto Foz,Porto,Turístico,55,2020,2024,9,2024-09,15821.05,1713,9.24,BurgerPT Especial,79,4.0,0.34,0.37,0.35,738.77,259,309,202,308,318,317
5,BurgerPT Porto Foz,Porto,Turístico,55,2020,2024,10,2024-10,14810.72,1531,9.67,BurgerPT Especial,54,3.6,0.21,0.31,0.28,585.4,253,225,159,312,344,238
5,BurgerPT Porto Foz,Porto,Turístico,55,2020,2024,11,2024-11,12622.1,1298,9.72,Frango Crispy,93,4.1,0.19,0.29,0.29,902.57,216,217,143,299,233,190
5,BurgerPT Porto Foz,Porto,Turístico,55,2020,2024,12,2024-12,18585.49,1879,9.89,Cheese Bacon Burger,66,4.0,0.17,0.37,0.34,284.92,282,395,153,375,334,340
6,BurgerPT Porto Campanhã,Porto,Industrial,90,2021,2022,1,2022-01,10895.94,1174,9.28,Classic Burger,55,3.8,0.24,0.29,0.29,240.33,252,182,183,243,173,141
6,BurgerPT Porto Campanhã,Porto,Industrial,90,2021,2022,2,2022-02,10814.63,1171,9.24,Veggie Burger,50,4.5,0.27,0.31,0.34,324.77,209,204,245,238,171,104
6,BurgerPT Porto Campanhã,Porto,Industrial,90,2021,2022,3,2022-03,11683.36,1280,9.13,Cheese Bacon Burger,72,3.5,0.29,0.37,0.3,359.26,259,265,129,240,224,163
6,BurgerPT Porto Campanhã,Porto,Industrial,90,2021,2022,4,2022-04,13681.86,1377,9.94,Frango Crispy,46,3.6,0.17,0.31,0.32,308.14,276,256,161,310,189,185
6,BurgerPT Porto Campanhã,Porto,Industrial,90,2021,2022,5,2022-05,14417.45,1580,9.12,Cheese Bacon Burger,83,3.5,0.37,0.32,0.31,369.4,289,322,229,282,267,191
6,BurgerPT Porto Campanhã,Porto,Industrial,90,2021,2022,6,2022-06,14308.88,1508,9.49,Frango Crispy,113,4.2,0.24,0.35,0.32,319.46,261,272,313,343,205,114
6,BurgerPT Porto Campanhã,Porto,Industrial,90,2021,2022,7,2022-07,15504.05,1562,9.93,Frango Crispy,121,4.1,0.34,0.28,0.28,402.59,221,266,298,421,237,119
6,BurgerPT Porto Campanhã,Porto,Industrial,90,2021,2022,8,2022-08,16338.26,1680,9.73,Frango Crispy,80,4.0,0.33,0.34,0.28,572.73,315,307,292,397,239,130
6,BurgerPT Porto Campanhã,Porto,Industrial,90,2021,2022,9,2022-09,14836.78,1500,9.89,Classic Burger,54,4.1,0.22,0.29,0.3,345.95,293,276,234,281,215,201
6,BurgerPT Porto Campanhã,Porto,Industrial,90,2021,2022,10,2022-10,14024.67,1450,9.67,Frango Crispy,89,3.8,0.23,0.34,0.27,334.62,285,286,196,300,211,172
6,BurgerPT Porto Campanhã,Porto,Industrial,90,2021,2022,11,2022-11,12233.55,1304,9.38,Frango Crispy,49,3.6,0.22,0.3,0.25,337.82,204,253,127,276,263,181
6,BurgerPT Porto Campanhã,Porto,Industrial,90,2021,2022,12,2022-12,15762.53,1581,9.97,Cheese Bacon Burger,62,3.8,0.18,0.28,0.34,497.81,300,353,84,285,275,284
6,BurgerPT Porto Campanhã,Porto,Industrial,90,2021,2023,1,2023-01,10815.28,1149,9.41,Frango Crispy,62,4.3,0.28,0.37,0.33,581.97,207,184,217,268,182,91
6,BurgerPT Porto Campanhã,Porto,Industrial,90,2021,2023,2,2023-02,11815.33,1260,9.38,Frango Crispy,47,4.1,0.27,0.3,0.35,270.23,266,228,200,319,157,90
6,BurgerPT Porto Campanhã,Porto,Industrial,90,2021,2023,3,2023-03,13326.67,1354,9.84,Classic Burger,75,4.5,0.26,0.31,0.3,301.28,290,227,165,273,172,227
6,BurgerPT Porto Campanhã,Porto,Industrial,90,2021,2023,4,2023-04,13150.41,1377,9.55,Cheese Bacon Burger,61,4.0,0.38,0.31,0.29,637.52,251,310,141,283,207,185
6,BurgerPT Porto Campanhã,Porto,Industrial,90,2021,2023,5,2023-05,14262.51,1529,9.33,Cheese Bacon Burger,104,4.1,0.3,0.34,0.28,367.19,303,315,223,310,237,141
6,BurgerPT Porto Campanhã,Porto,Industrial,90,2021,2023,6,2023-06,14972.9,1584,9.45,Frango Crispy,121,3.8,0.4,0.37,0.3,589.26,208,271,290,401,282,132
6,BurgerPT Porto Campanhã,Porto,Industrial,90,2021,2023,7,2023-07,15081.1,1612,9.36,Frango Crispy,108,4.2,0.36,0.34,0.33,182.49,252,297,264,404,248,147
6,BurgerPT Porto Campanhã,Porto,Industrial,90,2021,2023,8,2023-08,15533.26,1561,9.95,Frango Crispy,115,4.5,0.28,0.31,0.33,420.58,208,221,299,413,291,129
6,BurgerPT Porto Campanhã,Porto,Industrial,90,2021,2023,9,2023-09,14355.03,1461,9.83,Cheese Bacon Burger,65,4.2,0.18,0.34,0.26,209.41,269,291,194,261,210,236
6,BurgerPT Porto Campanhã,Porto,Industrial,90,2021,2023,10,2023-10,13831.44,1447,9.56,Frango Crispy,65,4.0,0.29,0.35,0.3,256.7,260,214,174,282,270,247
6,BurgerPT Porto Campanhã,Porto,Industrial,90,2021,2023,11,2023-11,11761.74,1277,9.21,Frango Crispy,96,4.4,0.44,0.37,0.33,572.66,251,202,129,286,219,190
6,BurgerPT Porto Campanhã,Porto,Industrial,90,2021,2023,12,2023-12,16701.93,1803,9.26,Cheese Bacon Burger,143,4.5,0.23,0.29,0.31,454.41,366,418,97,347,308,267
6,BurgerPT Porto Campanhã,Porto,Industrial,90,2021,2024,1,2024-01,11930.3,1235,9.66,Veggie Burger,42,3.9,0.41,0.28,0.26,230.27,207,226,260,245,178,119
6,BurgerPT Porto Campanhã,Porto,Industrial,90,2021,2024,2,2024-02,12331.59,1352,9.12,Frango Crispy,102,3.9,0.35,0.35,0.34,605.59,240,236,271,306,199,100
6,BurgerPT Porto Campanhã,Porto,Industrial,90,2021,2024,3,2024-03,13522.28,1411,9.58,Cheese Bacon Burger,57,4.3,0.22,0.35,0.33,250.69,253,290,177,240,199,252
6,BurgerPT Porto Campanhã,Porto,Industrial,90,2021,2024,4,2024-04,13568.27,1468,9.24,Frango Crispy,72,3.8,0.32,0.35,0.29,238.44,282,243,188,301,264,190
6,BurgerPT Porto Campanhã,Porto,Industrial,90,2021,2024,5,2024-05,14258.55,1548,9.21,Cheese Bacon Burger,120,3.7,0.43,0.34,0.29,372.6,249,311,196,289,304,199
6,BurgerPT Porto Campanhã,Porto,Industrial,90,2021,2024,6,2024-06,15911.98,1662,9.57,Veggie Burger,127,4.1,0.2,0.34,0.27,190.5,266,264,356,345,312,119
6,BurgerPT Porto Campanhã,Porto,Industrial,90,2021,2024,7,2024-07,16731.98,1692,9.89,Frango Crispy,80,3.3,0.42,0.37,0.34,228.73,250,353,244,437,294,114
6,BurgerPT Porto Campanhã,Porto,Industrial,90,2021,2024,8,2024-08,16840.37,1816,9.27,Frango Crispy,69,3.8,0.39,0.34,0.26,417.85,309,329,304,398,322,154
6,BurgerPT Porto Campanhã,Porto,Industrial,90,2021,2024,9,2024-09,15498.0,1603,9.67,Cheese Bacon Burger,89,4.1,0.4,0.36,0.28,451.21,293,348,174,315,225,248
6,BurgerPT Porto Campanhã,Porto,Industrial,90,2021,2024,10,2024-10,14264.03,1426,10.0,Classic Burger,90,3.9,0.43,0.32,0.26,243.85,334,223,195,289,213,172
6,BurgerPT Porto Campanhã,Porto,Industrial,90,2021,2024,11,2024-11,13837.54,1419,9.75,Frango Crispy,65,3.6,0.37,0.38,0.31,301.42,297,250,190,330,203,149
6,BurgerPT Porto Campanhã,Porto,Industrial,90,2021,2024,12,2024-12,17765.41,1891,9.39,Cheese Bacon Burger,97,4.1,0.16,0.35,0.28,472.82,362,468,165,299,265,332
7,BurgerPT Braga Centro,Braga,Centro,65,2019,2022,1,2022-01,11963.49,1224,9.77,Frango Crispy,43,3.7,0.23,0.35,0.25,618.27,198,229,228,269,182,118
7,BurgerPT Braga Centro,Braga,Centro,65,2019,2022,2,2022-02,12169.28,1319,9.23,Classic Burger,48,3.5,0.28,0.28,0.3,319.73,281,238,248,266,212,74
7,BurgerPT Braga Centro,Braga,Centro,65,2019,2022,3,2022-03,13011.87,1396,9.32,Frango Crispy,53,3.6,0.28,0.28,0.26,364.74,229,263,176,283,214,231
7,BurgerPT Braga Centro,Braga,Centro,65,2019,2022,4,2022-04,14855.93,1625,9.14,Frango Crispy,122,3.4,0.17,0.34,0.33,609.84,288,270,222,338,284,223
7,BurgerPT Braga Centro,Braga,Centro,65,2019,2022,5,2022-05,16088.62,1725,9.33,Frango Crispy,110,4.0,0.2,0.38,0.31,690.94,291,269,295,437,243,190
7,BurgerPT Braga Centro,Braga,Centro,65,2019,2022,6,2022-06,16740.32,1741,9.62,Frango Crispy,64,4.1,0.22,0.29,0.26,858.52,262,342,324,441,278,94
7,BurgerPT Braga Centro,Braga,Centro,65,2019,2022,7,2022-07,17144.31,1882,9.11,Frango Crispy,139,4.0,0.39,0.33,0.33,706.59,287,333,314,460,296,192
7,BurgerPT Braga Centro,Braga,Centro,65,2019,2022,8,2022-08,16438.29,1663,9.88,Frango Crispy,106,3.4,0.31,0.36,0.28,369.32,274,282,299,432,239,137
7,BurgerPT Braga Centro,Braga,Centro,65,2019,2022,9,2022-09,15492.42,1616,9.59,Cheese Bacon Burger,119,3.8,0.29,0.3,0.29,459.65,299,332,216,303,245,221
7,BurgerPT Braga Centro,Braga,Centro,65,2019,2022,10,2022-10,14294.19,1514,9.44,Frango Crispy,94,3.4,0.35,0.31,0.33,723.73,271,280,248,290,216,209
7,BurgerPT Braga Centro,Braga,Centro,65,2019,2022,11,2022-11,12571.15,1282,9.81,Classic Burger,92,4.2,0.44,0.34,0.3,814.67,294,212,153,261,177,185
7,BurgerPT Braga Centro,Braga,Centro,65,2019,2022,12,2022-12,16887.42,1826,9.25,Cheese Bacon Burger,78,4.3,0.39,0.36,0.34,432.1,282,466,135,333,318,292
7,BurgerPT Braga Centro,Braga,Centro,65,2019,2023,1,2023-01,12282.82,1229,9.99,Classic Burger,39,3.9,0.17,0.35,0.29,679.91,254,196,204,237,212,126
7,BurgerPT Braga Centro,Braga,Centro,65,2019,2023,2,2023-02,12697.06,1330,9.55,Frango Crispy,81,4.0,0.27,0.28,0.3,916.83,227,206,254,343,201,99
7,BurgerPT Braga Centro,Braga,Centro,65,2019,2023,3,2023-03,15175.8,1552,9.78,Classic Burger,121,3.8,0.32,0.32,0.31,792.99,325,239,167,303,286,232
7,BurgerPT Braga Centro,Braga,Centro,65,2019,2023,4,2023-04,15792.14,1715,9.21,Classic Burger,62,3.9,0.4,0.37,0.27,310.59,349,270,253,317,280,246
7,BurgerPT Braga Centro,Braga,Centro,65,2019,2023,5,2023-05,16761.91,1706,9.83,Classic Burger,73,3.9,0.28,0.33,0.33,385.42,340,296,199,296,298,277
7,BurgerPT Braga Centro,Braga,Centro,65,2019,2023,6,2023-06,15515.58,1557,9.97,Frango Crispy,109,3.8,0.34,0.32,0.26,820.75,201,265,329,381,257,124
7,BurgerPT Braga Centro,Braga,Centro,65,2019,2023,7,2023-07,16654.61,1671,9.97,Frango Crispy,103,3.9,0.32,0.3,0.33,806.26,275,266,293,402,305,130
7,BurgerPT Braga Centro,Braga,Centro,65,2019,2023,8,2023-08,18017.27,1985,9.08,Frango Crispy,127,3.5,0.17,0.31,0.27,233.74,357,314,384,481,283,166
7,BurgerPT Braga Centro,Braga,Centro,65,2019,2023,9,2023-09,16695.18,1690,9.88,Frango Crispy,86,3.4,0.29,0.28,0.25,872.73,304,333,237,336,256,224
7,BurgerPT Braga Centro,Braga,Centro,65,2019,2023,10,2023-10,15917.65,1685,9.45,Cheese Bacon Burger,53,3.7,0.39,0.35,0.27,732.34,290,339,248,319,265,224
7,BurgerPT Braga Centro,Braga,Centro,65,2019,2023,11,2023-11,14352.12,1474,9.74,Classic Burger,55,3.6,0.27,0.31,0.25,813.77,283,278,218,277,197,221
7,BurgerPT Braga Centro,Braga,Centro,65,2019,2023,12,2023-12,17744.5,1914,9.27,Cheese Bacon Burger,100,3.5,0.42,0.33,0.33,385.7,336,476,135,344,295,328
7,BurgerPT Braga Centro,Braga,Centro,65,2019,2024,1,2024-01,12661.96,1276,9.92,Frango Crispy,65,4.4,0.42,0.37,0.32,306.41,204,237,219,311,196,109
7,BurgerPT Braga Centro,Braga,Centro,65,2019,2024,2,2024-02,13558.89,1390,9.75,Frango Crispy,56,4.0,0.37,0.29,0.33,415.21,263,215,219,346,209,138
7,BurgerPT Braga Centro,Braga,Centro,65,2019,2024,3,2024-03,14688.2,1482,9.91,Frango Crispy,95,4.4,0.25,0.35,0.27,813.7,274,244,183,346,200,235
7,BurgerPT Braga Centro,Braga,Centro,65,2019,2024,4,2024-04,16744.32,1701,9.84,Frango Crispy,88,3.7,0.3,0.33,0.32,491.54,331,312,234,347,241,236
7,BurgerPT Braga Centro,Braga,Centro,65,2019,2024,5,2024-05,16408.13,1699,9.66,Frango Crispy,78,3.7,0.3,0.33,0.28,671.19,265,278,255,361,311,229
7,BurgerPT Braga Centro,Braga,Centro,65,2019,2024,6,2024-06,17454.25,1769,9.87,Frango Crispy,115,4.3,0.35,0.36,0.27,835.41,332,323,314,352,276,172
7,BurgerPT Braga Centro,Braga,Centro,65,2019,2024,7,2024-07,17661.67,1790,9.87,Frango Crispy,139,3.6,0.34,0.3,0.25,753.4,347,295,306,464,266,112
7,BurgerPT Braga Centro,Braga,Centro,65,2019,2024,8,2024-08,18886.91,2076,9.1,Frango Crispy,104,4.0,0.18,0.37,0.31,498.09,330,333,384,444,363,222
7,BurgerPT Braga Centro,Braga,Centro,65,2019,2024,9,2024-09,17422.22,1799,9.68,Frango Crispy,99,4.2,0.22,0.35,0.32,413.96,355,308,225,370,288,253
7,BurgerPT Braga Centro,Braga,Centro,65,2019,2024,10,2024-10,16372.32,1784,9.18,Frango Crispy,76,3.7,0.16,0.38,0.28,688.71,332,326,261,355,239,271
7,BurgerPT Braga Centro,Braga,Centro,65,2019,2024,11,2024-11,15300.43,1555,9.84,Classic Burger,58,3.7,0.37,0.35,0.27,439.73,360,234,204,300,244,213
7,BurgerPT Braga Centro,Braga,Centro,65,2019,2024,12,2024-12,21197.9,2219,9.55,Frango Crispy,122,3.7,0.42,0.3,0.34,587.41,389,473,152,540,319,346
8,BurgerPT Braga Univ.,Braga,Universitário,75,2020,2022,1,2022-01,10439.01,1136,9.19,Frango Crispy,40,3.6,0.28,0.35,0.31,475.98,224,198,225,242,144,103
8,BurgerPT Braga Univ.,Braga,Universitário,75,2020,2022,2,2022-02,12697.51,1389,9.14,Frango Crispy,41,4.1,0.41,0.33,0.28,585.0,297,263,243,327,138,121
8,BurgerPT Braga Univ.,Braga,Universitário,75,2020,2022,3,2022-03,13587.32,1473,9.22,Classic Burger,96,3.9,0.3,0.29,0.35,261.47,380,270,169,329,130,195
8,BurgerPT Braga Univ.,Braga,Universitário,75,2020,2022,4,2022-04,12996.2,1416,9.18,Frango Crispy,51,4.3,0.39,0.32,0.25,656.4,281,266,217,295,137,220
8,BurgerPT Braga Univ.,Braga,Universitário,75,2020,2022,5,2022-05,13281.07,1375,9.66,Classic Burger,58,4.2,0.39,0.33,0.27,671.52,332,238,151,265,211,178
8,BurgerPT Braga Univ.,Braga,Universitário,75,2020,2022,6,2022-06,14273.78,1475,9.68,Frango Crispy,77,4.1,0.42,0.36,0.3,349.28,262,258,290,372,150,143
8,BurgerPT Braga Univ.,Braga,Universitário,75,2020,2022,7,2022-07,10430.73,1056,9.88,Frango Crispy,64,4.4,0.37,0.36,0.31,446.19,213,180,196,277,128,62
8,BurgerPT Braga Univ.,Braga,Universitário,75,2020,2022,8,2022-08,10983.91,1142,9.62,Frango Crispy,68,3.6,0.17,0.28,0.26,246.09,220,197,205,332,92,96
8,BurgerPT Braga Univ.,Braga,Universitário,75,2020,2022,9,2022-09,14769.33,1558,9.48,Classic Burger,73,4.0,0.29,0.38,0.3,409.55,354,303,141,310,202,248
8,BurgerPT Braga Univ.,Braga,Universitário,75,2020,2022,10,2022-10,14711.75,1556,9.45,Classic Burger,78,3.8,0.3,0.32,0.34,630.51,353,305,200,345,165,188
8,BurgerPT Braga Univ.,Braga,Universitário,75,2020,2022,11,2022-11,13457.12,1480,9.09,Classic Burger,86,3.8,0.15,0.37,0.31,614.47,354,326,149,319,168,164
8,BurgerPT Braga Univ.,Braga,Universitário,75,2020,2022,12,2022-12,16607.05,1768,9.39,Cheese Bacon Burger,65,3.4,0.22,0.31,0.27,254.04,390,482,120,311,138,327
8,BurgerPT Braga Univ.,Braga,Universitário,75,2020,2023,1,2023-01,10895.2,1193,9.13,Frango Crispy,39,3.8,0.27,0.36,0.34,735.51,213,222,223,310,139,86
8,BurgerPT Braga Univ.,Braga,Universitário,75,2020,2023,2,2023-02,12981.63,1334,9.73,Frango Crispy,71,4.1,0.37,0.36,0.35,401.09,303,192,264,338,123,114
8,BurgerPT Braga Univ.,Braga,Universitário,75,2020,2023,3,2023-03,14896.19,1584,9.4,Frango Crispy,66,4.4,0.32,0.35,0.31,592.85,337,295,225,343,146,238
8,BurgerPT Braga Univ.,Braga,Universitário,75,2020,2023,4,2023-04,14600.82,1546,9.44,Frango Crispy,73,3.7,0.32,0.32,0.26,511.96,299,261,215,351,177,243
8,BurgerPT Braga Univ.,Braga,Universitário,75,2020,2023,5,2023-05,14620.61,1488,9.83,Classic Burger,89,4.0,0.15,0.29,0.26,336.86,351,266,229,278,130,234
8,BurgerPT Braga Univ.,Braga,Universitário,75,2020,2023,6,2023-06,16140.76,1702,9.48,Frango Crispy,71,4.1,0.26,0.28,0.25,505.42,332,310,296,419,204,141
8,BurgerPT Braga Univ.,Braga,Universitário,75,2020,2023,7,2023-07,11961.6,1319,9.07,Frango Crispy,98,3.8,0.35,0.3,0.26,322.25,244,235,230,361,159,90
8,BurgerPT Braga Univ.,Braga,Universitário,75,2020,2023,8,2023-08,12464.73,1372,9.09,Frango Crispy,59,3.6,0.26,0.36,0.32,730.01,254,226,274,321,191,106
8,BurgerPT Braga Univ.,Braga,Universitário,75,2020,2023,9,2023-09,15114.69,1624,9.31,Frango Crispy,63,4.1,0.29,0.34,0.33,628.35,352,248,203,379,208,234
8,BurgerPT Braga Univ.,Braga,Universitário,75,2020,2023,10,2023-10,16064.58,1651,9.73,Classic Burger,68,3.7,0.27,0.28,0.35,685.01,420,310,177,351,174,219
8,BurgerPT Braga Univ.,Braga,Universitário,75,2020,2023,11,2023-11,13665.91,1510,9.05,Classic Burger,103,4.3,0.41,0.35,0.28,625.37,307,263,229,300,170,241
8,BurgerPT Braga Univ.,Braga,Universitário,75,2020,2023,12,2023-12,18010.07,1914,9.41,Cheese Bacon Burger,108,3.8,0.3,0.33,0.32,560.21,380,441,185,401,193,314
8,BurgerPT Braga Univ.,Braga,Universitário,75,2020,2024,1,2024-01,11648.56,1165,10.0,Frango Crispy,67,4.3,0.39,0.38,0.26,693.83,204,229,238,283,114,97
8,BurgerPT Braga Univ.,Braga,Universitário,75,2020,2024,2,2024-02,14136.99,1516,9.33,Frango Crispy,97,3.5,0.23,0.3,0.27,302.94,339,238,220,400,169,150
8,BurgerPT Braga Univ.,Braga,Universitário,75,2020,2024,3,2024-03,15133.96,1535,9.86,Classic Burger,89,3.8,0.36,0.36,0.3,752.7,375,247,167,330,145,271
8,BurgerPT Braga Univ.,Braga,Universitário,75,2020,2024,4,2024-04,15242.5,1555,9.8,Classic Burger,71,3.9,0.42,0.32,0.34,713.47,374,263,182,348,199,189
8,BurgerPT Braga Univ.,Braga,Universitário,75,2020,2024,5,2024-05,14214.46,1457,9.76,Frango Crispy,70,4.0,0.4,0.29,0.31,750.82,302,278,150,332,184,211
8,BurgerPT Braga Univ.,Braga,Universitário,75,2020,2024,6,2024-06,16416.85,1655,9.92,Frango Crispy,75,3.7,0.41,0.38,0.3,376.4,339,266,284,413,211,142
8,BurgerPT Braga Univ.,Braga,Universitário,75,2020,2024,7,2024-07,10988.56,1103,9.96,Frango Crispy,40,4.0,0.31,0.31,0.34,221.03,189,198,213,273,147,83
8,BurgerPT Braga Univ.,Braga,Universitário,75,2020,2024,8,2024-08,11945.81,1262,9.47,Frango Crispy,48,3.7,0.42,0.37,0.28,668.99,256,226,236,332,112,100
8,BurgerPT Braga Univ.,Braga,Universitário,75,2020,2024,9,2024-09,16079.06,1747,9.2,Frango Crispy,71,3.5,0.41,0.37,0.29,372.07,406,267,209,447,194,224
8,BurgerPT Braga Univ.,Braga,Universitário,75,2020,2024,10,2024-10,17573.91,1899,9.25,Classic Burger,100,3.8,0.18,0.3,0.28,472.95,466,316,224,447,236,210
8,BurgerPT Braga Univ.,Braga,Universitário,75,2020,2024,11,2024-11,15262.17,1556,9.81,Frango Crispy,50,4.0,0.34,0.32,0.3,468.82,339,226,199,354,195,243
8,BurgerPT Braga Univ.,Braga,Universitário,75,2020,2024,12,2024-12,17617.62,1820,9.68,Cheese Bacon Burger,86,3.6,0.27,0.33,0.3,346.51,335,411,158,378,196,342
9,BurgerPT Coimbra Centro,Coimbra,Centro,60,2018,2022,1,2022-01,11118.92,1218,9.13,Frango Crispy,67,3.5,0.21,0.32,0.3,737.54,222,233,199,272,172,120
9,BurgerPT Coimbra Centro,Coimbra,Centro,60,2018,2022,2,2022-02,12582.09,1370,9.18,Frango Crispy,48,4.3,0.27,0.28,0.28,893.46,273,232,256,297,162,150
9,BurgerPT Coimbra Centro,Coimbra,Centro,60,2018,2022,3,2022-03,12980.1,1410,9.21,Frango Crispy,102,3.8,0.42,0.31,0.26,533.6,246,246,213,262,219,224
9,BurgerPT Coimbra Centro,Coimbra,Centro,60,2018,2022,4,2022-04,13295.49,1453,9.15,Frango Crispy,55,4.2,0.32,0.32,0.26,918.41,214,230,238,303,245,223
9,BurgerPT Coimbra Centro,Coimbra,Centro,60,2018,2022,5,2022-05,14645.18,1532,9.56,Frango Crispy,104,3.5,0.35,0.32,0.29,788.16,250,290,218,303,247,224
9,BurgerPT Coimbra Centro,Coimbra,Centro,60,2018,2022,6,2022-06,14690.82,1574,9.33,Frango Crispy,86,3.6,0.32,0.32,0.25,861.34,286,277,262,414,220,115
9,BurgerPT Coimbra Centro,Coimbra,Centro,60,2018,2022,7,2022-07,15464.43,1661,9.31,Frango Crispy,104,3.6,0.19,0.33,0.33,483.82,294,299,258,380,261,169
9,BurgerPT Coimbra Centro,Coimbra,Centro,60,2018,2022,8,2022-08,16875.64,1778,9.49,Frango Crispy,56,3.7,0.27,0.3,0.27,633.06,303,270,346,417,275,167
9,BurgerPT Coimbra Centro,Coimbra,Centro,60,2018,2022,9,2022-09,14741.63,1602,9.2,Frango Crispy,69,4.0,0.31,0.36,0.33,532.07,278,296,179,329,263,257
9,BurgerPT Coimbra Centro,Coimbra,Centro,60,2018,2022,10,2022-10,13518.39,1474,9.17,Frango Crispy,50,4.1,0.3,0.33,0.33,858.49,276,282,235,294,207,180
9,BurgerPT Coimbra Centro,Coimbra,Centro,60,2018,2022,11,2022-11,13187.36,1399,9.43,Frango Crispy,86,3.9,0.37,0.32,0.35,707.08,256,263,160,288,252,180
9,BurgerPT Coimbra Centro,Coimbra,Centro,60,2018,2022,12,2022-12,16204.82,1636,9.91,Cheese Bacon Burger,107,3.9,0.2,0.32,0.31,737.38,243,400,156,292,239,306
9,BurgerPT Coimbra Centro,Coimbra,Centro,60,2018,2023,1,2023-01,11375.32,1242,9.16,Frango Crispy,97,3.3,0.34,0.34,0.28,404.61,216,197,191,331,181,126
9,BurgerPT Coimbra Centro,Coimbra,Centro,60,2018,2023,2,2023-02,13251.86,1354,9.79,Frango Crispy,45,3.7,0.18,0.31,0.3,427.59,245,218,241,260,231,159
9,BurgerPT Coimbra Centro,Coimbra,Centro,60,2018,2023,3,2023-03,13071.57,1403,9.32,Cheese Bacon Burger,83,3.7,0.16,0.28,0.28,287.62,264,297,171,257,196,218
9,BurgerPT Coimbra Centro,Coimbra,Centro,60,2018,2023,4,2023-04,14455.58,1464,9.87,Frango Crispy,71,3.8,0.33,0.29,0.35,440.49,274,270,232,319,209,160
9,BurgerPT Coimbra Centro,Coimbra,Centro,60,2018,2023,5,2023-05,14828.88,1580,9.39,Classic Burger,111,3.6,0.4,0.3,0.27,533.86,332,270,249,229,242,258
9,BurgerPT Coimbra Centro,Coimbra,Centro,60,2018,2023,6,2023-06,14782.63,1586,9.32,Frango Crispy,121,3.8,0.24,0.37,0.32,653.62,246,293,270,340,316,121
9,BurgerPT Coimbra Centro,Coimbra,Centro,60,2018,2023,7,2023-07,17541.27,1764,9.94,Frango Crispy,99,3.8,0.38,0.37,0.33,891.26,307,308,313,396,257,183
9,BurgerPT Coimbra Centro,Coimbra,Centro,60,2018,2023,8,2023-08,18378.45,1923,9.56,Frango Crispy,70,3.5,0.22,0.38,0.31,849.43,241,370,382,506,305,119
9,BurgerPT Coimbra Centro,Coimbra,Centro,60,2018,2023,9,2023-09,15390.4,1543,9.97,Classic Burger,119,3.8,0.22,0.33,0.29,733.38,329,243,184,312,262,213
9,BurgerPT Coimbra Centro,Coimbra,Centro,60,2018,2023,10,2023-10,15784.13,1676,9.42,Classic Burger,110,3.4,0.31,0.35,0.29,748.42,338,271,228,338,193,308
9,BurgerPT Coimbra Centro,Coimbra,Centro,60,2018,2023,11,2023-11,14074.28,1511,9.31,Classic Burger,62,4.1,0.45,0.33,0.25,397.34,330,261,183,245,250,242
9,BurgerPT Coimbra Centro,Coimbra,Centro,60,2018,2023,12,2023-12,19369.03,2138,9.06,Cheese Bacon Burger,72,3.7,0.29,0.37,0.27,353.98,314,556,126,412,277,453
9,BurgerPT Coimbra Centro,Coimbra,Centro,60,2018,2024,1,2024-01,12791.8,1376,9.3,Frango Crispy,90,4.4,0.43,0.32,0.29,711.97,271,181,237,325,220,142
9,BurgerPT Coimbra Centro,Coimbra,Centro,60,2018,2024,2,2024-02,13193.21,1380,9.56,Frango Crispy,59,4.0,0.4,0.29,0.3,589.19,273,249,251,307,193,107
9,BurgerPT Coimbra Centro,Coimbra,Centro,60,2018,2024,3,2024-03,14411.17,1575,9.15,Cheese Bacon Burger,93,4.0,0.17,0.37,0.31,624.45,307,327,233,281,202,225
9,BurgerPT Coimbra Centro,Coimbra,Centro,60,2018,2024,4,2024-04,15138.78,1576,9.61,Cheese Bacon Burger,82,3.8,0.16,0.38,0.28,639.24,283,313,187,298,255,240
9,BurgerPT Coimbra Centro,Coimbra,Centro,60,2018,2024,5,2024-05,15404.73,1600,9.63,Frango Crispy,69,3.9,0.36,0.3,0.34,682.33,290,272,204,335,231,268
9,BurgerPT Coimbra Centro,Coimbra,Centro,60,2018,2024,6,2024-06,16013.32,1636,9.79,Frango Crispy,81,3.9,0.37,0.36,0.32,368.34,253,262,295,367,296,163
9,BurgerPT Coimbra Centro,Coimbra,Centro,60,2018,2024,7,2024-07,18083.98,1855,9.75,Frango Crispy,80,4.3,0.28,0.35,0.34,451.79,310,280,315,417,301,232
9,BurgerPT Coimbra Centro,Coimbra,Centro,60,2018,2024,8,2024-08,18154.94,1928,9.42,Frango Crispy,125,3.9,0.22,0.33,0.33,312.41,308,371,291,453,296,209
9,BurgerPT Coimbra Centro,Coimbra,Centro,60,2018,2024,9,2024-09,17087.03,1828,9.35,Cheese Bacon Burger,118,4.3,0.39,0.33,0.27,671.49,327,386,270,331,248,266
9,BurgerPT Coimbra Centro,Coimbra,Centro,60,2018,2024,10,2024-10,14618.35,1551,9.43,Frango Crispy,116,3.8,0.39,0.3,0.3,779.32,259,271,249,302,235,235
9,BurgerPT Coimbra Centro,Coimbra,Centro,60,2018,2024,11,2024-11,14287.2,1446,9.88,Frango Crispy,89,4.0,0.37,0.36,0.29,521.85,304,217,172,329,232,192
9,BurgerPT Coimbra Centro,Coimbra,Centro,60,2018,2024,12,2024-12,19008.7,2014,9.44,Cheese Bacon Burger,159,3.6,0.3,0.3,0.31,805.67,330,469,119,360,370,366
10,BurgerPT Coimbra Univ.,Coimbra,Universitário,80,2019,2022,1,2022-01,12674.33,1377,9.2,Frango Crispy,86,3.6,0.25,0.34,0.33,323.38,276,224,232,339,174,132
10,BurgerPT Coimbra Univ.,Coimbra,Universitário,80,2019,2022,2,2022-02,14718.01,1563,9.42,Frango Crispy,80,4.0,0.18,0.36,0.34,241.83,279,189,307,404,187,197
10,BurgerPT Coimbra Univ.,Coimbra,Universitário,80,2019,2022,3,2022-03,14431.39,1591,9.07,Frango Crispy,80,4.0,0.23,0.3,0.33,446.1,319,215,253,398,183,223
10,BurgerPT Coimbra Univ.,Coimbra,Universitário,80,2019,2022,4,2022-04,14107.84,1531,9.21,Frango Crispy,47,3.7,0.2,0.34,0.32,349.24,271,239,242,322,219,238
10,BurgerPT Coimbra Univ.,Coimbra,Universitário,80,2019,2022,5,2022-05,15470.28,1586,9.75,Classic Burger,58,3.3,0.4,0.35,0.32,340.89,368,329,186,327,172,204
10,BurgerPT Coimbra Univ.,Coimbra,Universitário,80,2019,2022,6,2022-06,16407.62,1647,9.96,Frango Crispy,105,3.5,0.24,0.37,0.28,328.98,272,338,310,396,145,186
10,BurgerPT Coimbra Univ.,Coimbra,Universitário,80,2019,2022,7,2022-07,12403.95,1272,9.75,Frango Crispy,75,3.4,0.31,0.28,0.33,396.3,223,211,225,330,162,121
10,BurgerPT Coimbra Univ.,Coimbra,Universitário,80,2019,2022,8,2022-08,11712.53,1225,9.56,Frango Crispy,50,3.8,0.2,0.3,0.32,556.4,210,235,251,284,153,92
10,BurgerPT Coimbra Univ.,Coimbra,Universitário,80,2019,2022,9,2022-09,15118.76,1530,9.88,Classic Burger,94,4.4,0.29,0.31,0.29,496.13,356,243,202,319,191,219
10,BurgerPT Coimbra Univ.,Coimbra,Universitário,80,2019,2022,10,2022-10,15393.96,1585,9.71,Classic Burger,81,3.8,0.23,0.38,0.34,233.26,398,265,184,336,167,235
10,BurgerPT Coimbra Univ.,Coimbra,Universitário,80,2019,2022,11,2022-11,15156.37,1588,9.54,Classic Burger,68,4.0,0.4,0.33,0.28,196.51,360,263,243,315,141,266
10,BurgerPT Coimbra Univ.,Coimbra,Universitário,80,2019,2022,12,2022-12,17189.84,1862,9.23,Classic Burger,68,3.8,0.36,0.28,0.25,301.17,445,418,147,377,160,315
10,BurgerPT Coimbra Univ.,Coimbra,Universitário,80,2019,2023,1,2023-01,11768.59,1242,9.48,Frango Crispy,58,4.0,0.34,0.28,0.32,286.99,236,239,217,298,141,111
10,BurgerPT Coimbra Univ.,Coimbra,Universitário,80,2019,2023,2,2023-02,14967.12,1586,9.44,Frango Crispy,55,3.8,0.35,0.32,0.29,644.82,303,285,292,386,155,165
10,BurgerPT Coimbra Univ.,Coimbra,Universitário,80,2019,2023,3,2023-03,17007.14,1801,9.44,Frango Crispy,113,3.6,0.4,0.37,0.34,378.55,339,271,262,412,229,288
10,BurgerPT Coimbra Univ.,Coimbra,Universitário,80,2019,2023,4,2023-04,15806.1,1673,9.45,Classic Burger,76,4.6,0.39,0.36,0.34,408.99,401,294,259,366,183,170
10,BurgerPT Coimbra Univ.,Coimbra,Universitário,80,2019,2023,5,2023-05,15862.58,1693,9.37,Classic Burger,62,4.0,0.33,0.36,0.31,651.33,391,326,218,344,231,183
10,BurgerPT Coimbra Univ.,Coimbra,Universitário,80,2019,2023,6,2023-06,17108.4,1854,9.23,Frango Crispy,93,4.0,0.34,0.33,0.34,199.28,380,327,307,424,218,198
10,BurgerPT Coimbra Univ.,Coimbra,Universitário,80,2019,2023,7,2023-07,12862.7,1289,9.98,Frango Crispy,84,3.9,0.22,0.32,0.26,326.17,193,246,266,307,154,123
10,BurgerPT Coimbra Univ.,Coimbra,Universitário,80,2019,2023,8,2023-08,12593.02,1301,9.68,Frango Crispy,56,4.1,0.22,0.37,0.32,423.86,212,208,266,342,130,143
10,BurgerPT Coimbra Univ.,Coimbra,Universitário,80,2019,2023,9,2023-09,17476.73,1748,10.0,Frango Crispy,62,4.0,0.38,0.36,0.32,220.38,357,312,245,376,265,193
10,BurgerPT Coimbra Univ.,Coimbra,Universitário,80,2019,2023,10,2023-10,17884.65,1872,9.55,Frango Crispy,71,3.9,0.25,0.37,0.3,683.6,375,350,261,377,265,244
10,BurgerPT Coimbra Univ.,Coimbra,Universitário,80,2019,2023,11,2023-11,15333.45,1666,9.2,Classic Burger,65,3.9,0.26,0.32,0.34,666.59,353,299,190,317,232,275
10,BurgerPT Coimbra Univ.,Coimbra,Universitário,80,2019,2023,12,2023-12,19208.16,2117,9.07,Cheese Bacon Burger,152,3.7,0.27,0.35,0.33,362.88,445,566,130,477,166,333
10,BurgerPT Coimbra Univ.,Coimbra,Universitário,80,2019,2024,1,2024-01,14052.95,1539,9.13,Frango Crispy,49,3.4,0.19,0.32,0.31,365.33,311,308,276,378,185,81
10,BurgerPT Coimbra Univ.,Coimbra,Universitário,80,2019,2024,2,2024-02,14277.41,1467,9.73,Classic Burger,67,3.8,0.35,0.35,0.26,656.55,323,280,249,303,155,157
10,BurgerPT Coimbra Univ.,Coimbra,Universitário,80,2019,2024,3,2024-03,17124.72,1717,9.97,Classic Burger,84,3.7,0.44,0.31,0.3,463.81,392,335,248,368,178,196
10,BurgerPT Coimbra Univ.,Coimbra,Universitário,80,2019,2024,4,2024-04,16496.69,1776,9.29,Frango Crispy,84,4.1,0.44,0.31,0.31,350.63,402,286,228,408,191,261
10,BurgerPT Coimbra Univ.,Coimbra,Universitário,80,2019,2024,5,2024-05,17206.67,1737,9.91,Classic Burger,82,3.9,0.44,0.33,0.34,453.09,428,294,213,348,208,246
10,BurgerPT Coimbra Univ.,Coimbra,Universitário,80,2019,2024,6,2024-06,16724.14,1712,9.77,Frango Crispy,136,4.5,0.3,0.36,0.25,433.4,303,280,356,468,181,124
10,BurgerPT Coimbra Univ.,Coimbra,Universitário,80,2019,2024,7,2024-07,12250.35,1276,9.6,Frango Crispy,70,3.6,0.44,0.32,0.29,206.64,221,224,252,328,130,121
10,BurgerPT Coimbra Univ.,Coimbra,Universitário,80,2019,2024,8,2024-08,14219.26,1515,9.39,Frango Crispy,105,4.0,0.42,0.29,0.28,395.57,282,225,316,454,134,104
10,BurgerPT Coimbra Univ.,Coimbra,Universitário,80,2019,2024,9,2024-09,18150.52,1965,9.24,Classic Burger,147,3.8,0.28,0.38,0.26,592.19,519,335,270,378,190,273
10,BurgerPT Coimbra Univ.,Coimbra,Universitário,80,2019,2024,10,2024-10,19059.07,1936,9.84,Frango Crispy,112,3.8,0.17,0.32,0.34,590.94,439,300,275,452,268,202
10,BurgerPT Coimbra Univ.,Coimbra,Universitário,80,2019,2024,11,2024-11,15360.76,1561,9.84,Frango Crispy,90,3.9,0.32,0.3,0.34,695.54,344,265,233,374,112,233
10,BurgerPT Coimbra Univ.,Coimbra,Universitário,80,2019,2024,12,2024-12,19762.76,2137,9.25,Cheese Bacon Burger,122,3.6,0.24,0.29,0.25,666.59,421,534,134,426,257,365
11,BurgerPT Aveiro,Aveiro,Centro,55,2021,2022,1,2022-01,8847.92,943,9.38,Frango Crispy,40,3.6,0.39,0.36,0.33,843.07,184,143,174,219,116,107
11,BurgerPT Aveiro,Aveiro,Centro,55,2021,2022,2,2022-02,9143.91,981,9.32,Frango Crispy,30,3.9,0.4,0.34,0.27,741.54,197,176,127,257,129,95
11,BurgerPT Aveiro,Aveiro,Centro,55,2021,2022,3,2022-03,10909.29,1155,9.45,Classic Burger,90,3.6,0.32,0.32,0.32,594.13,228,224,139,205,190,169
11,BurgerPT Aveiro,Aveiro,Centro,55,2021,2022,4,2022-04,11997.74,1206,9.95,Frango Crispy,81,4.0,0.2,0.34,0.34,716.81,203,240,134,257,212,160
11,BurgerPT Aveiro,Aveiro,Centro,55,2021,2022,5,2022-05,11506.89,1236,9.31,Frango Crispy,46,4.3,0.22,0.3,0.31,613.77,210,229,159,259,176,203
11,BurgerPT Aveiro,Aveiro,Centro,55,2021,2022,6,2022-06,11955.25,1279,9.35,Frango Crispy,96,3.8,0.43,0.37,0.31,286.66,178,189,228,302,257,125
11,BurgerPT Aveiro,Aveiro,Centro,55,2021,2022,7,2022-07,12405.92,1250,9.92,Frango Crispy,87,3.6,0.43,0.37,0.29,440.56,159,264,197,294,205,131
11,BurgerPT Aveiro,Aveiro,Centro,55,2021,2022,8,2022-08,12925.4,1417,9.12,Frango Crispy,59,3.5,0.18,0.38,0.35,535.13,223,220,281,312,250,131
11,BurgerPT Aveiro,Aveiro,Centro,55,2021,2022,9,2022-09,12474.08,1325,9.41,Frango Crispy,81,3.8,0.32,0.3,0.33,282.22,218,251,180,280,184,212
11,BurgerPT Aveiro,Aveiro,Centro,55,2021,2022,10,2022-10,11818.53,1196,9.88,Frango Crispy,44,4.2,0.18,0.37,0.31,570.38,225,205,180,235,201,150
11,BurgerPT Aveiro,Aveiro,Centro,55,2021,2022,11,2022-11,10397.28,1059,9.82,Frango Crispy,35,3.6,0.37,0.3,0.32,885.31,201,199,133,221,159,146
11,BurgerPT Aveiro,Aveiro,Centro,55,2021,2022,12,2022-12,14692.2,1590,9.24,Classic Burger,55,3.5,0.3,0.32,0.3,368.14,337,310,92,317,232,302
11,BurgerPT Aveiro,Aveiro,Centro,55,2021,2023,1,2023-01,9639.84,1050,9.18,Frango Crispy,82,3.6,0.31,0.32,0.26,637.54,180,164,185,256,161,104
11,BurgerPT Aveiro,Aveiro,Centro,55,2021,2023,2,2023-02,10480.81,1092,9.6,Frango Crispy,53,4.2,0.28,0.3,0.27,274.72,179,219,162,293,162,77
11,BurgerPT Aveiro,Aveiro,Centro,55,2021,2023,3,2023-03,10586.53,1167,9.07,Frango Crispy,35,4.5,0.45,0.33,0.29,648.02,208,188,131,259,219,162
11,BurgerPT Aveiro,Aveiro,Centro,55,2021,2023,4,2023-04,12314.62,1262,9.76,Cheese Bacon Burger,78,3.8,0.39,0.35,0.34,808.24,220,250,179,205,194,214
11,BurgerPT Aveiro,Aveiro,Centro,55,2021,2023,5,2023-05,11794.07,1298,9.09,Classic Burger,81,3.7,0.18,0.32,0.32,727.93,297,203,117,271,195,215
11,BurgerPT Aveiro,Aveiro,Centro,55,2021,2023,6,2023-06,13135.56,1421,9.24,Frango Crispy,51,4.1,0.16,0.3,0.31,242.18,199,219,306,341,277,79
11,BurgerPT Aveiro,Aveiro,Centro,55,2021,2023,7,2023-07,13267.36,1334,9.95,Frango Crispy,98,4.4,0.42,0.33,0.29,496.24,196,204,241,343,252,98
11,BurgerPT Aveiro,Aveiro,Centro,55,2021,2023,8,2023-08,13389.38,1467,9.13,Frango Crispy,84,3.7,0.27,0.32,0.25,405.32,223,249,304,350,212,129
11,BurgerPT Aveiro,Aveiro,Centro,55,2021,2023,9,2023-09,13416.25,1392,9.64,Frango Crispy,98,4.1,0.22,0.3,0.29,801.6,265,244,164,288,213,218
11,BurgerPT Aveiro,Aveiro,Centro,55,2021,2023,10,2023-10,12801.17,1303,9.82,Frango Crispy,71,4.8,0.36,0.33,0.33,450.02,249,253,162,299,194,146
11,BurgerPT Aveiro,Aveiro,Centro,55,2021,2023,11,2023-11,11490.39,1162,9.89,Cheese Bacon Burger,36,4.2,0.3,0.29,0.32,574.55,244,252,134,208,145,179
11,BurgerPT Aveiro,Aveiro,Centro,55,2021,2023,12,2023-12,14302.59,1562,9.16,Cheese Bacon Burger,124,3.7,0.3,0.35,0.3,743.76,248,354,84,311,279,286
11,BurgerPT Aveiro,Aveiro,Centro,55,2021,2024,1,2024-01,9638.98,1009,9.55,BurgerPT Especial,35,4.2,0.4,0.29,0.26,423.92,173,158,189,200,210,79
11,BurgerPT Aveiro,Aveiro,Centro,55,2021,2024,2,2024-02,9950.28,1098,9.06,Frango Crispy,59,3.3,0.36,0.3,0.25,439.62,200,187,200,254,172,85
11,BurgerPT Aveiro,Aveiro,Centro,55,2021,2024,3,2024-03,11159.33,1162,9.6,Frango Crispy,92,3.4,0.19,0.37,0.27,836.7,239,182,150,248,199,144
11,BurgerPT Aveiro,Aveiro,Centro,55,2021,2024,4,2024-04,12633.85,1340,9.43,Frango Crispy,68,4.0,0.36,0.28,0.25,706.31,265,258,130,289,210,188
11,BurgerPT Aveiro,Aveiro,Centro,55,2021,2024,5,2024-05,12865.16,1400,9.19,Frango Crispy,98,3.8,0.37,0.34,0.27,725.48,234,198,145,302,260,261
11,BurgerPT Aveiro,Aveiro,Centro,55,2021,2024,6,2024-06,14084.92,1484,9.49,Frango Crispy,116,3.9,0.22,0.38,0.33,876.24,212,225,304,352,259,132
11,BurgerPT Aveiro,Aveiro,Centro,55,2021,2024,7,2024-07,14941.89,1596,9.36,Frango Crispy,65,3.7,0.19,0.3,0.28,237.6,232,276,322,394,233,139
11,BurgerPT Aveiro,Aveiro,Centro,55,2021,2024,8,2024-08,15922.03,1612,9.88,Frango Crispy,122,4.0,0.17,0.32,0.32,558.51,227,290,270,388,293,144
11,BurgerPT Aveiro,Aveiro,Centro,55,2021,2024,9,2024-09,14436.81,1450,9.96,Frango Crispy,57,4.1,0.36,0.29,0.32,415.01,257,269,194,279,269,182
11,BurgerPT Aveiro,Aveiro,Centro,55,2021,2024,10,2024-10,13051.54,1425,9.16,Classic Burger,91,3.9,0.39,0.35,0.33,520.66,314,234,160,291,226,200
11,BurgerPT Aveiro,Aveiro,Centro,55,2021,2024,11,2024-11,11443.38,1228,9.32,Classic Burger,59,3.9,0.38,0.31,0.28,769.2,273,237,149,235,192,142
11,BurgerPT Aveiro,Aveiro,Centro,55,2021,2024,12,2024-12,15080.85,1638,9.21,Cheese Bacon Burger,74,3.8,0.27,0.32,0.34,807.35,297,387,139,346,203,266
12,BurgerPT Faro,Faro,Turístico,65,2020,2022,1,2022-01,13124.58,1321,9.94,Frango Crispy,98,3.5,0.19,0.31,0.33,884.49,162,221,207,308,254,169
12,BurgerPT Faro,Faro,Turístico,65,2020,2022,2,2022-02,12675.66,1275,9.94,BurgerPT Especial,69,3.6,0.45,0.35,0.33,509.79,189,220,209,249,273,135
12,BurgerPT Faro,Faro,Turístico,65,2020,2022,3,2022-03,14233.24,1569,9.07,BurgerPT Especial,120,4.8,0.43,0.31,0.32,829.02,215,303,221,286,322,222
12,BurgerPT Faro,Faro,Turístico,65,2020,2022,4,2022-04,16004.57,1603,9.98,Frango Crispy,102,3.4,0.22,0.36,0.29,623.53,271,261,214,309,298,250
12,BurgerPT Faro,Faro,Turístico,65,2020,2022,5,2022-05,16872.78,1729,9.76,BurgerPT Especial,68,3.7,0.43,0.34,0.31,735.01,205,250,223,359,372,320
12,BurgerPT Faro,Faro,Turístico,65,2020,2022,6,2022-06,16446.78,1654,9.94,Frango Crispy,129,4.2,0.18,0.28,0.32,378.63,188,288,310,398,276,194
12,BurgerPT Faro,Faro,Turístico,65,2020,2022,7,2022-07,19938.15,2082,9.58,BurgerPT Especial,126,4.2,0.16,0.36,0.26,285.23,236,391,381,426,439,209
12,BurgerPT Faro,Faro,Turístico,65,2020,2022,8,2022-08,21110.06,2216,9.53,BurgerPT Especial,88,4.0,0.23,0.3,0.31,825.51,287,399,380,430,456,264
12,BurgerPT Faro,Faro,Turístico,65,2020,2022,9,2022-09,17362.47,1808,9.6,BurgerPT Especial,94,4.1,0.28,0.37,0.34,508.12,196,336,239,281,390,366
12,BurgerPT Faro,Faro,Turístico,65,2020,2022,10,2022-10,15903.87,1700,9.36,BurgerPT Especial,106,4.3,0.44,0.37,0.32,264.37,267,290,174,290,360,319
12,BurgerPT Faro,Faro,Turístico,65,2020,2022,11,2022-11,13861.43,1516,9.14,BurgerPT Especial,109,3.5,0.27,0.34,0.3,943.55,202,280,200,274,305,255
12,BurgerPT Faro,Faro,Turístico,65,2020,2022,12,2022-12,18196.05,1997,9.11,Cheese Bacon Burger,153,4.3,0.3,0.32,0.29,863.47,235,464,184,370,337,407
12,BurgerPT Faro,Faro,Turístico,65,2020,2023,1,2023-01,13257.57,1433,9.25,Frango Crispy,76,3.7,0.42,0.35,0.33,905.87,206,266,223,309,252,177
12,BurgerPT Faro,Faro,Turístico,65,2020,2023,2,2023-02,14154.63,1479,9.57,Frango Crispy,87,4.2,0.35,0.3,0.26,891.33,157,224,290,350,310,148
12,BurgerPT Faro,Faro,Turístico,65,2020,2023,3,2023-03,15150.42,1541,9.83,Cheese Bacon Burger,64,3.8,0.28,0.36,0.26,501.77,217,288,223,286,258,269
12,BurgerPT Faro,Faro,Turístico,65,2020,2023,4,2023-04,15243.99,1636,9.32,BurgerPT Especial,110,4.2,0.28,0.33,0.33,860.66,250,290,190,268,326,312
12,BurgerPT Faro,Faro,Turístico,65,2020,2023,5,2023-05,17393.38,1867,9.32,BurgerPT Especial,118,4.2,0.32,0.38,0.31,734.17,270,310,242,330,384,331
12,BurgerPT Faro,Faro,Turístico,65,2020,2023,6,2023-06,17846.91,1940,9.2,Frango Crispy,145,3.9,0.16,0.35,0.35,443.54,216,360,328,429,373,234
12,BurgerPT Faro,Faro,Turístico,65,2020,2023,7,2023-07,21779.9,2260,9.64,Frango Crispy,120,4.3,0.3,0.37,0.34,388.97,246,412,378,546,491,187
12,BurgerPT Faro,Faro,Turístico,65,2020,2023,8,2023-08,23483.46,2401,9.78,Frango Crispy,130,4.4,0.34,0.31,0.27,992.02,310,422,421,479,461,308
12,BurgerPT Faro,Faro,Turístico,65,2020,2023,9,2023-09,18313.57,1973,9.28,Frango Crispy,65,4.0,0.33,0.31,0.28,421.81,292,307,194,440,429,311
12,BurgerPT Faro,Faro,Turístico,65,2020,2023,10,2023-10,17244.41,1795,9.61,BurgerPT Especial,101,4.3,0.28,0.36,0.25,484.67,261,288,256,331,336,323
12,BurgerPT Faro,Faro,Turístico,65,2020,2023,11,2023-11,14971.42,1549,9.67,BurgerPT Especial,102,4.0,0.23,0.34,0.32,756.1,165,265,200,286,344,289
12,BurgerPT Faro,Faro,Turístico,65,2020,2023,12,2023-12,19882.2,2070,9.6,Cheese Bacon Burger,113,4.2,0.38,0.29,0.34,825.5,310,505,111,379,381,384
12,BurgerPT Faro,Faro,Turístico,65,2020,2024,1,2024-01,14237.72,1557,9.14,Frango Crispy,83,3.2,0.17,0.35,0.25,857.1,188,275,294,340,279,181
12,BurgerPT Faro,Faro,Turístico,65,2020,2024,2,2024-02,15103.08,1623,9.31,Frango Crispy,123,3.8,0.26,0.31,0.33,793.74,223,250,277,368,336,169
12,BurgerPT Faro,Faro,Turístico,65,2020,2024,3,2024-03,15648.74,1628,9.61,BurgerPT Especial,125,4.1,0.38,0.37,0.35,960.76,164,298,240,298,358,270
12,BurgerPT Faro,Faro,Turístico,65,2020,2024,4,2024-04,16633.0,1749,9.51,Frango Crispy,71,4.0,0.32,0.31,0.28,363.27,281,235,189,382,373,289
12,BurgerPT Faro,Faro,Turístico,65,2020,2024,5,2024-05,16497.72,1773,9.3,BurgerPT Especial,139,3.5,0.19,0.36,0.31,504.12,214,252,283,310,429,285
12,BurgerPT Faro,Faro,Turístico,65,2020,2024,6,2024-06,19224.06,2036,9.44,Frango Crispy,145,4.1,0.43,0.32,0.28,996.29,272,315,297,497,432,223
12,BurgerPT Faro,Faro,Turístico,65,2020,2024,7,2024-07,23032.84,2512,9.17,Frango Crispy,127,3.6,0.37,0.3,0.28,951.93,312,395,428,546,516,315
12,BurgerPT Faro,Faro,Turístico,65,2020,2024,8,2024-08,22572.31,2355,9.58,Frango Crispy,131,4.5,0.38,0.35,0.32,395.12,291,358,380,503,468,355
12,BurgerPT Faro,Faro,Turístico,65,2020,2024,9,2024-09,18776.08,1939,9.68,Frango Crispy,67,3.7,0.33,0.37,0.27,849.84,301,355,239,406,359,279
12,BurgerPT Faro,Faro,Turístico,65,2020,2024,10,2024-10,16908.11,1767,9.57,BurgerPT Especial,72,3.3,0.39,0.3,0.28,386.35,265,303,232,280,364,323
12,BurgerPT Faro,Faro,Turístico,65,2020,2024,11,2024-11,16306.07,1764,9.24,BurgerPT Especial,65,4.6,0.38,0.3,0.25,929.4,279,328,232,334,340,251
12,BurgerPT Faro,Faro,Turístico,65,2020,2024,12,2024-12,21947.84,2237,9.81,Double Smash,69,3.6,0.41,0.29,0.29,955.04,303,435,215,375,442,467
13,BurgerPT Setúbal,Setúbal,Suburbs,70,2022,2022,6,2022-06,11909.8,1218,9.78,Frango Crispy,46,3.9,0.34,0.36,0.26,512.74,206,209,183,289,204,127
13,BurgerPT Setúbal,Setúbal,Suburbs,70,2022,2022,7,2022-07,12952.22,1337,9.69,Frango Crispy,90,3.3,0.19,0.36,0.26,450.29,167,241,230,375,218,106
13,BurgerPT Setúbal,Setúbal,Suburbs,70,2022,2022,8,2022-08,13305.88,1445,9.21,Frango Crispy,53,3.6,0.36,0.28,0.27,352.3,227,237,281,328,234,138
13,BurgerPT Setúbal,Setúbal,Suburbs,70,2022,2022,9,2022-09,11606.57,1277,9.09,Classic Burger,52,4.3,0.26,0.3,0.31,444.28,255,227,152,241,227,175
13,BurgerPT Setúbal,Setúbal,Suburbs,70,2022,2022,10,2022-10,11657.77,1255,9.29,Classic Burger,51,4.4,0.15,0.35,0.27,369.76,259,234,151,227,201,183
13,BurgerPT Setúbal,Setúbal,Suburbs,70,2022,2022,11,2022-11,9748.54,1027,9.49,Classic Burger,41,4.2,0.2,0.31,0.27,556.2,247,184,126,193,131,146
13,BurgerPT Setúbal,Setúbal,Suburbs,70,2022,2022,12,2022-12,13639.57,1469,9.28,Cheese Bacon Burger,66,3.9,0.43,0.3,0.33,521.02,236,343,132,255,258,245
13,BurgerPT Setúbal,Setúbal,Suburbs,70,2022,2023,1,2023-01,9694.37,986,9.83,Frango Crispy,64,3.8,0.24,0.31,0.3,559.39,179,150,201,211,123,122
13,BurgerPT Setúbal,Setúbal,Suburbs,70,2022,2023,2,2023-02,9665.25,1055,9.16,Classic Burger,35,4.2,0.32,0.37,0.32,595.13,209,178,182,199,174,113
13,BurgerPT Setúbal,Setúbal,Suburbs,70,2022,2023,3,2023-03,10729.89,1165,9.21,Classic Burger,48,3.9,0.4,0.31,0.28,324.61,263,247,110,257,147,141
13,BurgerPT Setúbal,Setúbal,Suburbs,70,2022,2023,4,2023-04,10599.96,1091,9.72,Frango Crispy,55,3.9,0.24,0.37,0.32,413.44,204,191,120,210,193,173
13,BurgerPT Setúbal,Setúbal,Suburbs,70,2022,2023,5,2023-05,11670.33,1267,9.21,Classic Burger,84,4.0,0.16,0.28,0.27,555.27,280,262,152,231,173,169
13,BurgerPT Setúbal,Setúbal,Suburbs,70,2022,2023,6,2023-06,12263.09,1228,9.99,Frango Crispy,58,3.8,0.28,0.3,0.31,398.57,224,213,194,298,194,105
13,BurgerPT Setúbal,Setúbal,Suburbs,70,2022,2023,7,2023-07,12281.64,1339,9.17,Frango Crispy,94,3.7,0.16,0.32,0.33,376.14,178,261,253,278,238,131
13,BurgerPT Setúbal,Setúbal,Suburbs,70,2022,2023,8,2023-08,14068.44,1494,9.42,Frango Crispy,77,3.5,0.37,0.32,0.31,629.56,209,262,295,331,258,139
13,BurgerPT Setúbal,Setúbal,Suburbs,70,2022,2023,9,2023-09,13365.85,1381,9.68,Classic Burger,55,4.0,0.22,0.37,0.32,405.03,306,265,138,291,191,190
13,BurgerPT Setúbal,Setúbal,Suburbs,70,2022,2023,10,2023-10,11299.35,1175,9.62,Frango Crispy,43,3.8,0.22,0.36,0.28,447.6,215,249,126,280,161,144
13,BurgerPT Setúbal,Setúbal,Suburbs,70,2022,2023,11,2023-11,10733.25,1166,9.21,Frango Crispy,70,3.7,0.2,0.34,0.28,363.02,219,179,183,241,188,156
13,BurgerPT Setúbal,Setúbal,Suburbs,70,2022,2023,12,2023-12,14956.54,1562,9.58,Cheese Bacon Burger,96,3.8,0.38,0.28,0.27,340.08,313,370,121,275,221,262
13,BurgerPT Setúbal,Setúbal,Suburbs,70,2022,2024,1,2024-01,10336.42,1088,9.5,Frango Crispy,78,4.1,0.31,0.36,0.33,390.51,192,167,159,248,194,128
13,BurgerPT Setúbal,Setúbal,Suburbs,70,2022,2024,2,2024-02,10631.7,1086,9.79,Frango Crispy,35,4.3,0.36,0.35,0.27,643.3,209,167,210,255,135,110
13,BurgerPT Setúbal,Setúbal,Suburbs,70,2022,2024,3,2024-03,11033.53,1215,9.08,Frango Crispy,82,4.7,0.18,0.34,0.31,541.15,183,224,183,279,200,146
13,BurgerPT Setúbal,Setúbal,Suburbs,70,2022,2024,4,2024-04,12134.09,1335,9.09,Frango Crispy,83,3.7,0.16,0.28,0.28,375.3,234,227,192,284,222,176
13,BurgerPT Setúbal,Setúbal,Suburbs,70,2022,2024,5,2024-05,13257.42,1331,9.96,Frango Crispy,62,4.0,0.24,0.36,0.29,559.47,246,235,200,268,175,207
13,BurgerPT Setúbal,Setúbal,Suburbs,70,2022,2024,6,2024-06,13537.95,1449,9.34,Frango Crispy,56,3.8,0.19,0.3,0.31,418.25,225,263,256,293,249,163
13,BurgerPT Setúbal,Setúbal,Suburbs,70,2022,2024,7,2024-07,13273.69,1447,9.17,Frango Crispy,70,4.0,0.22,0.31,0.27,474.7,230,280,259,287,245,146
13,BurgerPT Setúbal,Setúbal,Suburbs,70,2022,2024,8,2024-08,14580.25,1539,9.47,Frango Crispy,107,3.7,0.16,0.34,0.31,628.79,252,293,276,393,192,133
13,BurgerPT Setúbal,Setúbal,Suburbs,70,2022,2024,9,2024-09,13266.89,1459,9.09,Classic Burger,51,4.2,0.29,0.31,0.28,565.97,284,259,230,267,264,155
13,BurgerPT Setúbal,Setúbal,Suburbs,70,2022,2024,10,2024-10,12426.2,1348,9.22,Cheese Bacon Burger,100,4.0,0.42,0.38,0.29,570.58,263,264,183,261,231,146
13,BurgerPT Setúbal,Setúbal,Suburbs,70,2022,2024,11,2024-11,11038.53,1156,9.55,Frango Crispy,78,3.6,0.3,0.3,0.33,312.8,226,215,117,267,168,163
13,BurgerPT Setúbal,Setúbal,Suburbs,70,2022,2024,12,2024-12,14451.62,1461,9.89,Cheese Bacon Burger,76,3.6,0.2,0.31,0.26,281.87,247,326,111,265,253,259
14,BurgerPT Funchal,Funchal,Turístico,50,2021,2022,1,2022-01,9685.67,1036,9.35,Frango Crispy,70,3.5,0.44,0.29,0.34,295.32,158,168,168,215,192,135
14,BurgerPT Funchal,Funchal,Turístico,50,2021,2022,2,2022-02,9447.77,950,9.95,Cheese Bacon Burger,43,4.2,0.3,0.33,0.32,683.42,165,193,153,168,161,110
14,BurgerPT Funchal,Funchal,Turístico,50,2021,2022,3,2022-03,9895.47,1073,9.22,BurgerPT Especial,38,4.3,0.36,0.36,0.28,577.04,187,174,104,210,225,173
14,BurgerPT Funchal,Funchal,Turístico,50,2021,2022,4,2022-04,10598.91,1167,9.08,BurgerPT Especial,39,4.1,0.3,0.3,0.28,544.07,148,217,167,213,265,157
14,BurgerPT Funchal,Funchal,Turístico,50,2021,2022,5,2022-05,11692.66,1217,9.61,Frango Crispy,81,4.1,0.34,0.31,0.29,789.47,174,196,169,261,216,201
14,BurgerPT Funchal,Funchal,Turístico,50,2021,2022,6,2022-06,11548.11,1196,9.66,Frango Crispy,64,3.9,0.4,0.36,0.29,731.44,117,188,202,277,248,164
14,BurgerPT Funchal,Funchal,Turístico,50,2021,2022,7,2022-07,16216.67,1647,9.85,Frango Crispy,51,3.9,0.2,0.35,0.26,310.83,162,257,279,433,332,184
14,BurgerPT Funchal,Funchal,Turístico,50,2021,2022,8,2022-08,16069.8,1775,9.05,Frango Crispy,66,3.4,0.35,0.29,0.26,536.94,173,316,307,455,326,198
14,BurgerPT Funchal,Funchal,Turístico,50,2021,2022,9,2022-09,11853.34,1203,9.85,Frango Crispy,61,3.6,0.45,0.35,0.32,636.87,151,195,156,241,241,219
14,BurgerPT Funchal,Funchal,Turístico,50,2021,2022,10,2022-10,11802.16,1269,9.3,BurgerPT Especial,80,4.8,0.3,0.36,0.34,671.07,155,213,107,241,290,263
14,BurgerPT Funchal,Funchal,Turístico,50,2021,2022,11,2022-11,10328.86,1108,9.32,BurgerPT Especial,73,3.5,0.3,0.3,0.25,357.43,154,189,119,214,255,177
14,BurgerPT Funchal,Funchal,Turístico,50,2021,2022,12,2022-12,14765.96,1503,9.82,BurgerPT Especial,115,3.5,0.36,0.35,0.27,721.77,191,270,159,286,308,289
14,BurgerPT Funchal,Funchal,Turístico,50,2021,2023,1,2023-01,9790.8,1057,9.26,BurgerPT Especial,41,3.5,0.35,0.32,0.33,649.86,203,144,160,198,232,120
14,BurgerPT Funchal,Funchal,Turístico,50,2021,2023,2,2023-02,10028.24,1093,9.17,BurgerPT Especial,37,3.9,0.37,0.34,0.29,959.39,177,179,162,221,235,119
14,BurgerPT Funchal,Funchal,Turístico,50,2021,2023,3,2023-03,10440.04,1140,9.16,BurgerPT Especial,90,4.0,0.43,0.3,0.3,426.12,204,195,118,186,271,166
14,BurgerPT Funchal,Funchal,Turístico,50,2021,2023,4,2023-04,12323.37,1257,9.8,Double Smash,42,3.9,0.22,0.32,0.26,694.01,174,212,138,239,237,257
14,BurgerPT Funchal,Funchal,Turístico,50,2021,2023,5,2023-05,12580.38,1362,9.24,Frango Crispy,73,3.9,0.22,0.28,0.32,916.97,182,226,226,289,251,188
14,BurgerPT Funchal,Funchal,Turístico,50,2021,2023,6,2023-06,13798.2,1444,9.56,Frango Crispy,63,3.7,0.36,0.35,0.3,906.98,143,279,230,364,272,156
14,BurgerPT Funchal,Funchal,Turístico,50,2021,2023,7,2023-07,15598.2,1625,9.6,Frango Crispy,101,3.6,0.44,0.33,0.34,734.51,229,255,312,381,292,156
14,BurgerPT Funchal,Funchal,Turístico,50,2021,2023,8,2023-08,15966.32,1732,9.22,Frango Crispy,115,3.7,0.22,0.37,0.31,284.94,198,308,284,397,375,170
14,BurgerPT Funchal,Funchal,Turístico,50,2021,2023,9,2023-09,13268.11,1397,9.5,BurgerPT Especial,88,3.8,0.36,0.28,0.32,372.41,235,273,134,248,293,214
14,BurgerPT Funchal,Funchal,Turístico,50,2021,2023,10,2023-10,11500.49,1217,9.45,Frango Crispy,69,3.9,0.34,0.33,0.34,557.04,166,199,140,281,235,196
14,BurgerPT Funchal,Funchal,Turístico,50,2021,2023,11,2023-11,10178.9,1050,9.69,BurgerPT Especial,46,4.5,0.2,0.3,0.31,813.26,164,171,103,202,225,185
14,BurgerPT Funchal,Funchal,Turístico,50,2021,2023,12,2023-12,15023.64,1554,9.67,Cheese Bacon Burger,99,4.3,0.19,0.35,0.27,845.75,202,345,101,295,287,324
14,BurgerPT Funchal,Funchal,Turístico,50,2021,2024,1,2024-01,10118.84,1062,9.53,BurgerPT Especial,59,3.5,0.32,0.33,0.28,461.13,138,184,174,218,231,117
14,BurgerPT Funchal,Funchal,Turístico,50,2021,2024,2,2024-02,10428.25,1141,9.14,Frango Crispy,38,4.1,0.27,0.37,0.28,942.7,133,191,174,263,216,164
14,BurgerPT Funchal,Funchal,Turístico,50,2021,2024,3,2024-03,11000.9,1170,9.4,BurgerPT Especial,52,4.1,0.43,0.31,0.3,855.11,194,184,117,236,239,200
14,BurgerPT Funchal,Funchal,Turístico,50,2021,2024,4,2024-04,12554.67,1354,9.27,BurgerPT Especial,50,4.0,0.31,0.35,0.29,424.62,199,231,170,237,306,211
14,BurgerPT Funchal,Funchal,Turístico,50,2021,2024,5,2024-05,12500.77,1262,9.91,BurgerPT Especial,93,4.0,0.21,0.34,0.33,309.21,151,212,127,221,315,236
14,BurgerPT Funchal,Funchal,Turístico,50,2021,2024,6,2024-06,14177.33,1468,9.66,Veggie Burger,51,4.0,0.33,0.29,0.31,452.21,139,249,316,311,298,155
14,BurgerPT Funchal,Funchal,Turístico,50,2021,2024,7,2024-07,17453.17,1750,9.97,BurgerPT Especial,95,3.9,0.21,0.34,0.34,286.77,190,280,330,355,382,213
14,BurgerPT Funchal,Funchal,Turístico,50,2021,2024,8,2024-08,17906.19,1910,9.37,BurgerPT Especial,148,3.6,0.24,0.33,0.27,458.08,237,310,302,423,435,203
14,BurgerPT Funchal,Funchal,Turístico,50,2021,2024,9,2024-09,12690.53,1354,9.37,BurgerPT Especial,78,3.8,0.43,0.3,0.27,651.52,204,252,201,194,307,196
14,BurgerPT Funchal,Funchal,Turístico,50,2021,2024,10,2024-10,12484.23,1353,9.23,Frango Crispy,58,3.8,0.2,0.3,0.34,338.47,136,251,194,313,250,209
14,BurgerPT Funchal,Funchal,Turístico,50,2021,2024,11,2024-11,10571.41,1143,9.25,BurgerPT Especial,74,3.6,0.23,0.29,0.31,692.64,147,188,147,220,240,201
14,BurgerPT Funchal,Funchal,Turístico,50,2021,2024,12,2024-12,14947.14,1586,9.42,Double Smash,87,4.4,0.24,0.34,0.31,943.12,214,339,99,280,302,352
15,BurgerPT Guimarães,Guimarães,Centro,60,2022,2022,6,2022-06,12455.48,1272,9.79,Frango Crispy,76,4.1,0.3,0.33,0.28,585.97,248,200,258,267,182,117
15,BurgerPT Guimarães,Guimarães,Centro,60,2022,2022,7,2022-07,13207.57,1438,9.18,Frango Crispy,47,3.6,0.17,0.32,0.33,812.56,222,257,236,346,280,97
15,BurgerPT Guimarães,Guimarães,Centro,60,2022,2022,8,2022-08,13351.32,1344,9.93,Frango Crispy,66,4.2,0.39,0.32,0.34,474.72,226,245,255,325,195,98
15,BurgerPT Guimarães,Guimarães,Centro,60,2022,2022,9,2022-09,13661.23,1444,9.46,Frango Crispy,107,3.6,0.33,0.29,0.26,276.47,272,260,210,284,209,209
15,BurgerPT Guimarães,Guimarães,Centro,60,2022,2022,10,2022-10,11945.55,1254,9.53,Frango Crispy,97,3.8,0.34,0.34,0.35,280.45,226,215,132,322,203,156
15,BurgerPT Guimarães,Guimarães,Centro,60,2022,2022,11,2022-11,10393.37,1130,9.2,Frango Crispy,71,4.0,0.32,0.3,0.25,828.17,209,201,147,242,149,182
15,BurgerPT Guimarães,Guimarães,Centro,60,2022,2022,12,2022-12,14886.67,1611,9.24,Cheese Bacon Burger,52,3.7,0.38,0.32,0.25,345.67,303,415,111,289,219,274
15,BurgerPT Guimarães,Guimarães,Centro,60,2022,2023,1,2023-01,10046.09,1080,9.3,Frango Crispy,53,3.7,0.43,0.3,0.31,670.34,199,196,187,229,191,78
15,BurgerPT Guimarães,Guimarães,Centro,60,2022,2023,2,2023-02,10787.24,1092,9.88,Frango Crispy,85,4.0,0.3,0.3,0.32,765.94,204,196,168,234,140,150
15,BurgerPT Guimarães,Guimarães,Centro,60,2022,2023,3,2023-03,11568.02,1236,9.36,Classic Burger,98,3.7,0.4,0.33,0.26,311.76,252,247,146,236,210,145
15,BurgerPT Guimarães,Guimarães,Centro,60,2022,2023,4,2023-04,12389.46,1285,9.64,Frango Crispy,62,3.9,0.41,0.36,0.25,512.39,241,268,147,278,189,162
15,BurgerPT Guimarães,Guimarães,Centro,60,2022,2023,5,2023-05,13639.73,1364,10.0,Frango Crispy,82,3.8,0.32,0.35,0.32,377.76,261,217,182,274,185,245
15,BurgerPT Guimarães,Guimarães,Centro,60,2022,2023,6,2023-06,13851.09,1436,9.65,Frango Crispy,112,3.4,0.41,0.29,0.33,238.98,229,243,251,362,228,123
15,BurgerPT Guimarães,Guimarães,Centro,60,2022,2023,7,2023-07,14157.56,1452,9.75,Frango Crispy,65,3.4,0.42,0.3,0.31,884.1,258,215,262,348,201,168
15,BurgerPT Guimarães,Guimarães,Centro,60,2022,2023,8,2023-08,15059.71,1660,9.07,Frango Crispy,85,3.8,0.3,0.35,0.32,846.7,282,297,289,373,305,114
15,BurgerPT Guimarães,Guimarães,Centro,60,2022,2023,9,2023-09,14587.0,1595,9.15,Classic Burger,63,4.0,0.38,0.38,0.32,637.2,331,245,262,308,236,213
15,BurgerPT Guimarães,Guimarães,Centro,60,2022,2023,10,2023-10,13510.3,1387,9.74,Frango Crispy,52,4.1,0.4,0.36,0.31,729.21,251,244,162,299,236,195
15,BurgerPT Guimarães,Guimarães,Centro,60,2022,2023,11,2023-11,11859.24,1296,9.15,Classic Burger,82,4.0,0.16,0.33,0.25,697.38,278,252,175,269,172,150
15,BurgerPT Guimarães,Guimarães,Centro,60,2022,2023,12,2023-12,16604.01,1819,9.13,Cheese Bacon Burger,60,4.0,0.19,0.32,0.31,376.21,302,449,153,365,245,305
15,BurgerPT Guimarães,Guimarães,Centro,60,2022,2024,1,2024-01,10246.52,1074,9.54,Frango Crispy,45,3.8,0.27,0.36,0.35,593.34,194,209,161,247,137,126
15,BurgerPT Guimarães,Guimarães,Centro,60,2022,2024,2,2024-02,11127.16,1152,9.66,Frango Crispy,57,3.9,0.24,0.37,0.26,840.55,224,197,172,275,183,101
15,BurgerPT Guimarães,Guimarães,Centro,60,2022,2024,3,2024-03,11541.95,1204,9.59,Classic Burger,50,3.8,0.37,0.29,0.26,537.82,265,215,155,221,204,144
15,BurgerPT Guimarães,Guimarães,Centro,60,2022,2024,4,2024-04,13147.51,1377,9.55,Cheese Bacon Burger,70,3.8,0.36,0.36,0.28,620.87,266,284,204,261,183,179
15,BurgerPT Guimarães,Guimarães,Centro,60,2022,2024,5,2024-05,13149.69,1332,9.87,Classic Burger,95,3.8,0.22,0.31,0.26,737.79,260,226,205,234,228,179
15,BurgerPT Guimarães,Guimarães,Centro,60,2022,2024,6,2024-06,13553.71,1441,9.41,Frango Crispy,101,3.3,0.24,0.31,0.28,336.83,231,299,246,332,215,118
15,BurgerPT Guimarães,Guimarães,Centro,60,2022,2024,7,2024-07,15632.97,1573,9.94,Frango Crispy,115,4.2,0.17,0.38,0.32,603.19,252,277,244,341,292,167
15,BurgerPT Guimarães,Guimarães,Centro,60,2022,2024,8,2024-08,16435.2,1714,9.59,Cheese Bacon Burger,122,3.7,0.34,0.34,0.26,521.76,324,350,290,347,232,171
15,BurgerPT Guimarães,Guimarães,Centro,60,2022,2024,9,2024-09,13788.35,1407,9.8,Classic Burger,63,4.0,0.29,0.3,0.34,880.62,280,211,206,272,212,226
15,BurgerPT Guimarães,Guimarães,Centro,60,2022,2024,10,2024-10,12638.08,1363,9.27,Frango Crispy,66,4.2,0.21,0.38,0.3,649.57,247,225,172,330,205,184
15,BurgerPT Guimarães,Guimarães,Centro,60,2022,2024,11,2024-11,11384.82,1211,9.4,Cheese Bacon Burger,45,3.8,0.37,0.31,0.27,583.45,196,274,140,255,176,170
15,BurgerPT Guimarães,Guimarães,Centro,60,2022,2024,12,2024-12,15989.17,1665,9.6,Cheese Bacon Burger,114,3.7,0.29,0.37,0.27,368.94,320,370,138,317,259,261
16,BurgerPT Viseu,Viseu,Centro,55,2023,2023,6,2023-06,12219.37,1347,9.07,Frango Crispy,83,3.7,0.33,0.34,0.32,611.7,196,247,211,346,214,133
16,BurgerPT Viseu,Viseu,Centro,55,2023,2023,7,2023-07,13287.06,1448,9.18,Frango Crispy,88,4.0,0.26,0.31,0.29,886.31,215,237,275,355,217,149
16,BurgerPT Viseu,Viseu,Centro,55,2023,2023,8,2023-08,13003.94,1383,9.4,Frango Crispy,101,3.9,0.34,0.3,0.31,263.36,230,298,212,317,242,84
16,BurgerPT Viseu,Viseu,Centro,55,2023,2023,9,2023-09,11867.2,1208,9.82,Classic Burger,84,3.3,0.42,0.31,0.33,295.73,237,202,216,227,163,163
16,BurgerPT Viseu,Viseu,Centro,55,2023,2023,10,2023-10,11526.36,1194,9.65,Classic Burger,64,3.9,0.26,0.3,0.31,859.99,259,241,116,222,174,182
16,BurgerPT Viseu,Viseu,Centro,55,2023,2023,11,2023-11,9839.66,1036,9.5,Classic Burger,45,3.8,0.25,0.35,0.27,560.17,206,193,173,189,151,124
16,BurgerPT Viseu,Viseu,Centro,55,2023,2023,12,2023-12,13486.16,1420,9.5,Cheese Bacon Burger,109,3.7,0.28,0.33,0.29,695.47,261,324,135,279,185,236
16,BurgerPT Viseu,Viseu,Centro,55,2023,2024,1,2024-01,8739.44,954,9.16,Cheese Bacon Burger,51,3.9,0.27,0.37,0.28,707.91,164,204,166,189,159,72
16,BurgerPT Viseu,Viseu,Centro,55,2023,2024,2,2024-02,10400.87,1124,9.25,Frango Crispy,45,3.9,0.3,0.36,0.35,521.28,174,209,160,233,221,127
16,BurgerPT Viseu,Viseu,Centro,55,2023,2024,3,2024-03,11118.13,1138,9.77,Classic Burger,90,3.9,0.37,0.28,0.31,480.36,249,205,120,207,192,165
16,BurgerPT Viseu,Viseu,Centro,55,2023,2024,4,2024-04,11231.68,1152,9.75,Frango Crispy,74,3.9,0.32,0.32,0.3,733.56,189,192,162,241,195,173
16,BurgerPT Viseu,Viseu,Centro,55,2023,2024,5,2024-05,12411.59,1339,9.27,Classic Burger,60,4.1,0.44,0.36,0.29,269.01,269,260,149,259,198,204
16,BurgerPT Viseu,Viseu,Centro,55,2023,2024,6,2024-06,12654.76,1315,9.62,Frango Crispy,67,4.3,0.3,0.29,0.28,489.57,193,245,233,306,228,110
16,BurgerPT Viseu,Viseu,Centro,55,2023,2024,7,2024-07,13607.93,1408,9.66,Frango Crispy,96,4.2,0.27,0.35,0.35,533.05,166,225,317,323,225,152
16,BurgerPT Viseu,Viseu,Centro,55,2023,2024,8,2024-08,13817.88,1413,9.78,Veggie Burger,103,4.1,0.4,0.34,0.32,561.94,234,222,303,299,267,88
16,BurgerPT Viseu,Viseu,Centro,55,2023,2024,9,2024-09,12795.57,1410,9.07,Frango Crispy,94,4.3,0.37,0.37,0.3,660.76,245,265,184,277,230,209
16,BurgerPT Viseu,Viseu,Centro,55,2023,2024,10,2024-10,12355.65,1326,9.32,Frango Crispy,72,3.5,0.32,0.31,0.34,337.4,230,234,169,279,198,216
16,BurgerPT Viseu,Viseu,Centro,55,2023,2024,11,2024-11,10323.43,1079,9.57,Frango Crispy,75,3.8,0.18,0.31,0.28,451.53,207,176,110,246,178,162
16,BurgerPT Viseu,Viseu,Centro,55,2023,2024,12,2024-12,15189.89,1624,9.35,Frango Crispy,125,3.5,0.34,0.28,0.26,276.18,299,314,122,317,264,308
17,BurgerPT Leiria,Leiria,Suburbs,65,2022,2022,6,2022-06,11551.28,1183,9.76,Frango Crispy,47,3.7,0.36,0.34,0.33,636.13,175,212,228,300,156,112
17,BurgerPT Leiria,Leiria,Suburbs,65,2022,2022,7,2022-07,11795.49,1246,9.47,Frango Crispy,72,3.6,0.25,0.32,0.34,404.4,190,237,248,301,150,120
17,BurgerPT Leiria,Leiria,Suburbs,65,2022,2022,8,2022-08,12276.44,1340,9.16,Frango Crispy,94,3.6,0.44,0.29,0.31,568.79,229,238,218,322,199,134
17,BurgerPT Leiria,Leiria,Suburbs,65,2022,2022,9,2022-09,11244.08,1187,9.47,Cheese Bacon Burger,61,4.1,0.25,0.32,0.31,343.16,231,254,159,210,172,161
17,BurgerPT Leiria,Leiria,Suburbs,65,2022,2022,10,2022-10,10221.94,1063,9.62,Frango Crispy,83,4.1,0.23,0.36,0.34,675.51,169,202,91,228,199,174
17,BurgerPT Leiria,Leiria,Suburbs,65,2022,2022,11,2022-11,9828.11,1076,9.13,Classic Burger,61,3.8,0.25,0.29,0.32,407.59,214,209,177,177,161,138
17,BurgerPT Leiria,Leiria,Suburbs,65,2022,2022,12,2022-12,12539.18,1371,9.15,Cheese Bacon Burger,46,3.4,0.41,0.35,0.29,292.65,269,293,119,252,172,266
17,BurgerPT Leiria,Leiria,Suburbs,65,2022,2023,1,2023-01,9134.23,967,9.45,Frango Crispy,39,3.8,0.19,0.3,0.31,361.86,178,197,146,239,132,75
17,BurgerPT Leiria,Leiria,Suburbs,65,2022,2023,2,2023-02,9324.98,999,9.33,Frango Crispy,45,3.5,0.25,0.28,0.26,197.37,178,183,194,247,110,87
17,BurgerPT Leiria,Leiria,Suburbs,65,2022,2023,3,2023-03,9815.49,1063,9.23,Frango Crispy,84,3.1,0.29,0.37,0.26,681.25,208,209,97,216,183,150
17,BurgerPT Leiria,Leiria,Suburbs,65,2022,2023,4,2023-04,10486.26,1147,9.14,Cheese Bacon Burger,89,3.9,0.43,0.37,0.27,262.9,224,231,145,192,188,167
17,BurgerPT Leiria,Leiria,Suburbs,65,2022,2023,5,2023-05,10610.06,1071,9.91,Frango Crispy,54,3.7,0.33,0.35,0.25,633.34,202,161,176,210,160,162
17,BurgerPT Leiria,Leiria,Suburbs,65,2022,2023,6,2023-06,11034.28,1138,9.7,Veggie Burger,71,4.3,0.18,0.31,0.33,354.58,150,200,265,260,163,100
17,BurgerPT Leiria,Leiria,Suburbs,65,2022,2023,7,2023-07,12112.46,1294,9.36,Frango Crispy,96,3.5,0.22,0.33,0.32,707.1,196,205,266,296,217,114
17,BurgerPT Leiria,Leiria,Suburbs,65,2022,2023,8,2023-08,11845.66,1225,9.67,Veggie Burger,88,3.5,0.2,0.34,0.32,481.12,197,215,279,239,171,124
17,BurgerPT Leiria,Leiria,Suburbs,65,2022,2023,9,2023-09,11312.27,1236,9.15,Cheese Bacon Burger,77,3.5,0.39,0.33,0.25,440.65,224,251,163,246,167,185
17,BurgerPT Leiria,Leiria,Suburbs,65,2022,2023,10,2023-10,10160.61,1104,9.2,Frango Crispy,75,4.2,0.42,0.29,0.32,290.22,201,180,129,217,208,169
17,BurgerPT Leiria,Leiria,Suburbs,65,2022,2023,11,2023-11,10109.93,1085,9.32,Cheese Bacon Burger,82,3.7,0.35,0.28,0.3,580.43,199,211,133,206,192,144
17,BurgerPT Leiria,Leiria,Suburbs,65,2022,2023,12,2023-12,12402.29,1283,9.67,Classic Burger,86,3.9,0.25,0.36,0.31,453.92,274,231,116,240,164,258
17,BurgerPT Leiria,Leiria,Suburbs,65,2022,2024,1,2024-01,9380.18,991,9.47,Frango Crispy,48,3.9,0.22,0.3,0.33,221.15,191,168,130,202,187,113
17,BurgerPT Leiria,Leiria,Suburbs,65,2022,2024,2,2024-02,9489.13,968,9.8,Frango Crispy,49,4.1,0.42,0.33,0.31,592.51,153,148,174,234,136,123
17,BurgerPT Leiria,Leiria,Suburbs,65,2022,2024,3,2024-03,10832.78,1184,9.15,Classic Burger,35,3.7,0.23,0.37,0.25,232.5,267,182,150,226,155,204
17,BurgerPT Leiria,Leiria,Suburbs,65,2022,2024,4,2024-04,10928.99,1180,9.26,Classic Burger,58,4.2,0.25,0.33,0.25,215.24,282,203,160,197,196,142
17,BurgerPT Leiria,Leiria,Suburbs,65,2022,2024,5,2024-05,11444.71,1184,9.67,Frango Crispy,44,3.8,0.19,0.32,0.25,472.88,241,187,147,252,208,149
17,BurgerPT Leiria,Leiria,Suburbs,65,2022,2024,6,2024-06,11818.72,1250,9.45,Frango Crispy,88,4.4,0.29,0.38,0.29,272.61,227,222,214,249,209,129
17,BurgerPT Leiria,Leiria,Suburbs,65,2022,2024,7,2024-07,13358.45,1394,9.58,Frango Crispy,70,4.6,0.27,0.28,0.27,599.08,271,219,239,282,245,138
17,BurgerPT Leiria,Leiria,Suburbs,65,2022,2024,8,2024-08,12851.44,1395,9.21,Frango Crispy,45,3.8,0.21,0.34,0.34,530.6,228,260,273,352,199,83
17,BurgerPT Leiria,Leiria,Suburbs,65,2022,2024,9,2024-09,11614.43,1258,9.23,Frango Crispy,46,4.1,0.44,0.33,0.32,597.41,220,188,175,268,200,207
17,BurgerPT Leiria,Leiria,Suburbs,65,2022,2024,10,2024-10,11116.64,1205,9.23,Classic Burger,57,4.0,0.41,0.34,0.26,344.02,242,226,186,220,201,130
17,BurgerPT Leiria,Leiria,Suburbs,65,2022,2024,11,2024-11,10702.52,1109,9.65,Frango Crispy,52,4.3,0.42,0.36,0.32,620.37,206,185,175,248,143,152
17,BurgerPT Leiria,Leiria,Suburbs,65,2022,2024,12,2024-12,14303.5,1468,9.74,Frango Crispy,109,4.0,0.25,0.35,0.35,638.07,244,321,117,327,232,227
18,BurgerPT Évora,Évora,Turístico,45,2023,2023,6,2023-06,11236.14,1184,9.49,Frango Crispy,62,3.8,0.42,0.3,0.31,677.96,123,234,203,260,217,147
18,BurgerPT Évora,Évora,Turístico,45,2023,2023,7,2023-07,13708.68,1452,9.44,Frango Crispy,87,3.7,0.22,0.34,0.29,807.84,195,256,243,337,258,163
18,BurgerPT Évora,Évora,Turístico,45,2023,2023,8,2023-08,13146.63,1373,9.58,Frango Crispy,96,3.5,0.32,0.36,0.27,381.39,159,257,242,307,268,140
18,BurgerPT Évora,Évora,Turístico,45,2023,2023,9,2023-09,10597.48,1147,9.24,Cheese Bacon Burger,88,4.2,0.44,0.36,0.27,699.66,133,227,156,211,226,194
18,BurgerPT Évora,Évora,Turístico,45,2023,2023,10,2023-10,10419.58,1076,9.68,Double Smash,34,3.7,0.22,0.33,0.33,843.66,154,206,108,204,192,212
18,BurgerPT Évora,Évora,Turístico,45,2023,2023,11,2023-11,9107.5,1004,9.07,Frango Crispy,69,4.3,0.35,0.34,0.34,485.31,158,155,154,208,187,142
18,BurgerPT Évora,Évora,Turístico,45,2023,2023,12,2023-12,12676.01,1367,9.27,Cheese Bacon Burger,93,3.8,0.42,0.31,0.3,279.24,173,332,119,235,263,245
18,BurgerPT Évora,Évora,Turístico,45,2023,2024,1,2024-01,8821.39,944,9.34,BurgerPT Especial,39,4.1,0.17,0.35,0.27,398.25,156,187,135,181,203,82
18,BurgerPT Évora,Évora,Turístico,45,2023,2024,2,2024-02,8362.01,863,9.69,Frango Crispy,31,4.0,0.39,0.3,0.27,952.31,150,146,139,190,128,110
18,BurgerPT Évora,Évora,Turístico,45,2023,2024,3,2024-03,9158.96,990,9.25,BurgerPT Especial,71,3.8,0.24,0.34,0.34,523.36,138,184,90,203,207,168
18,BurgerPT Évora,Évora,Turístico,45,2023,2024,4,2024-04,10493.67,1095,9.58,BurgerPT Especial,70,3.9,0.32,0.3,0.25,714.53,179,185,118,204,214,195
18,BurgerPT Évora,Évora,Turístico,45,2023,2024,5,2024-05,10250.29,1122,9.14,Frango Crispy,56,3.9,0.24,0.35,0.28,880.42,194,175,171,209,200,173
18,BurgerPT Évora,Évora,Turístico,45,2023,2024,6,2024-06,11191.05,1197,9.35,Frango Crispy,87,4.0,0.23,0.37,0.33,329.33,143,183,228,274,251,118
18,BurgerPT Évora,Évora,Turístico,45,2023,2024,7,2024-07,14271.87,1460,9.78,Frango Crispy,109,3.3,0.2,0.32,0.26,959.61,160,245,241,349,282,183
18,BurgerPT Évora,Évora,Turístico,45,2023,2024,8,2024-08,15204.14,1647,9.23,BurgerPT Especial,114,3.8,0.35,0.37,0.33,414.17,197,255,256,376,388,175
18,BurgerPT Évora,Évora,Turístico,45,2023,2024,9,2024-09,11040.42,1144,9.65,BurgerPT Especial,88,3.7,0.25,0.32,0.3,755.35,146,218,141,200,249,190
18,BurgerPT Évora,Évora,Turístico,45,2023,2024,10,2024-10,10567.7,1143,9.25,Frango Crispy,51,4.4,0.21,0.34,0.26,325.46,146,231,137,265,197,167
18,BurgerPT Évora,Évora,Turístico,45,2023,2024,11,2024-11,9838.27,996,9.88,BurgerPT Especial,59,4.3,0.26,0.3,0.28,678.1,153,160,135,184,185,179
18,BurgerPT Évora,Évora,Turístico,45,2023,2024,12,2024-12,12954.27,1326,9.77,Double Smash,101,4.3,0.3,0.3,0.3,851.93,187,256,131,235,227,290
